Vandalism,MinorEdit,LoggedIn,HTTP,NumWordsAdded,NumWordsRemoved
No,Yes,Yes,Yes,96,0
No,Yes,Yes,No,3,1
No,No,Yes,No,0,4
No,Yes,No,No,10,92
No,Yes,Yes,Yes,94,10
No,No,Yes,No,4,4
No,No,Yes,No,3,3
No,No,Yes,No,2,0
No,Yes,Yes,Yes,5,2
No,No,No,No,0,0
No,No,Yes,No,2,1
No,Yes,Yes,No,3,5
No,Yes,Yes,No,0,0
No,No,Yes,No,1,0
No,No,No,No,27,8
No,No,Yes,No,0,1
No,No,Yes,No,2,1
No,Yes,Yes,No,4,1
No,No,Yes,Yes,52,52
No,Yes,Yes,No,0,3
No,Yes,Yes,No,3,3
No,Yes,Yes,No,1,0
No,Yes,Yes,No,0,0
No,No,Yes,No,0,24
No,Yes,Yes,Yes,55,24
No,No,Yes,No,1,0
No,Yes,Yes,No,0,0
No,No,No,No,1,0
No,Yes,Yes,No,0,0
No,Yes,Yes,No,0,0
No,Yes,No,No,0,1
No,No,Yes,No,43,40
No,No,Yes,No,0,0
No,No,Yes,No,0,0
No,Yes,Yes,No,1,0
No,Yes,Yes,No,1,0
No,Yes,Yes,No,2,1
No,Yes,Yes,No,1,2
No,Yes,Yes,No,5,0
No,No,Yes,No,1,0
No,No,No,Yes,10,0
No,No,Yes,No,0,47
No,No,Yes,No,50,0
No,No,No,No,6,1
No,No,No,No,0,0
No,No,No,No,1,1
No,Yes,Yes,No,2,0
No,No,Yes,No,5,0
No,No,No,Yes,2,1
No,No,No,No,1,1
No,No,Yes,No,62,0
No,No,No,No,2,1
No,Yes,Yes,No,1,0
No,No,No,No,0,0
No,No,Yes,No,38,0
No,Yes,Yes,No,0,1
No,Yes,Yes,No,0,0
No,Yes,Yes,No,1,0
No,Yes,Yes,No,1,1
No,No,Yes,No,1,0
No,No,Yes,Yes,18,1
No,No,No,No,0,0
No,No,No,No,1,1
No,No,Yes,No,3,3
No,No,No,No,24,0
No,No,Yes,No,11,0
No,Yes,Yes,Yes,3,0
No,Yes,Yes,No,0,0
No,No,Yes,No,0,10
No,No,Yes,No,1,1
No,No,No,No,0,1
No,No,No,No,0,0
No,No,No,No,1,1
No,No,No,Yes,2,0
No,No,Yes,No,0,1
No,No,No,No,1,0
No,No,No,No,3,0
No,Yes,Yes,No,1,1
No,Yes,Yes,No,0,0
No,Yes,Yes,No,1,1
No,No,No,No,1,1
No,Yes,Yes,No,0,0
No,Yes,Yes,No,0,7
No,No,No,No,1,0
No,No,Yes,No,2,0
No,No,Yes,No,0,7
No,Yes,Yes,No,0,0
No,Yes,Yes,No,3,2
No,No,No,No,0,0
No,No,No,No,0,0
No,No,Yes,No,0,8
No,Yes,Yes,No,0,0
No,No,No,No,8,0
No,Yes,Yes,No,0,0
No,Yes,Yes,No,0,0
No,No,No,No,0,0
No,No,Yes,No,0,0
No,Yes,Yes,Yes,140,13
No,No,No,No,0,0
No,No,Yes,No,0,1
No,Yes,Yes,No,2,1
No,No,No,No,0,0
No,No,No,No,0,1
No,Yes,Yes,No,0,0
No,Yes,Yes,No,1,2
No,Yes,Yes,No,0,0
No,Yes,Yes,No,0,0
No,No,No,No,0,0
No,Yes,Yes,No,0,38
No,Yes,Yes,No,93,7
No,No,Yes,No,0,0
No,Yes,Yes,No,0,0
No,Yes,Yes,No,0,0
No,Yes,Yes,No,0,11
No,Yes,Yes,No,0,2
No,Yes,Yes,Yes,102,1
No,Yes,Yes,No,3,1
No,Yes,Yes,No,0,0
No,Yes,Yes,No,1,0
No,No,Yes,No,0,3
No,No,No,No,1,1
No,Yes,Yes,No,0,0
No,No,Yes,No,0,0
No,No,Yes,No,0,0
No,Yes,Yes,No,0,1
No,Yes,Yes,No,0,0
No,No,No,No,0,0
No,No,Yes,No,0,3
No,Yes,Yes,No,0,0
No,Yes,Yes,No,0,2
No,No,No,No,0,0
No,Yes,Yes,No,0,0
No,Yes,Yes,No,0,0
No,Yes,Yes,No,1,2
No,No,No,No,0,7
No,Yes,Yes,No,0,25
No,Yes,Yes,No,0,0
No,Yes,Yes,No,1,6
No,Yes,Yes,No,21,1
No,Yes,Yes,No,0,0
No,No,No,No,0,0
No,No,Yes,No,0,0
No,Yes,Yes,No,0,0
No,No,No,No,0,93
No,No,No,No,0,0
No,No,No,No,0,0
No,No,No,No,0,0
No,Yes,Yes,No,0,0
No,No,Yes,No,0,0
No,Yes,Yes,No,0,0
No,No,No,No,0,0
No,No,No,No,0,0
No,Yes,Yes,No,1,1
No,No,No,No,0,0
No,Yes,Yes,No,0,0
No,No,Yes,No,0,1
No,No,No,No,0,0
No,No,No,No,0,0
No,No,Yes,No,0,0
No,No,No,No,0,19
No,No,No,No,0,0
No,No,No,No,0,0
No,Yes,Yes,No,1,8
No,Yes,Yes,No,0,0
No,Yes,Yes,No,0,4
No,No,Yes,No,0,5
No,Yes,Yes,No,0,0
No,Yes,Yes,No,11,21
No,No,Yes,No,12,32
No,No,No,No,0,0
No,Yes,Yes,No,0,3
No,No,No,No,0,4
No,Yes,Yes,No,0,0
No,Yes,Yes,No,0,1
No,No,No,No,0,0
No,No,Yes,No,0,0
No,No,Yes,No,0,4
No,No,No,No,0,0
No,Yes,Yes,No,1,7
No,No,No,No,1,1
No,No,Yes,No,0,0
No,Yes,Yes,No,0,0
No,Yes,Yes,No,0,0
No,Yes,Yes,No,0,0
No,No,Yes,No,0,5
No,Yes,Yes,No,0,0
No,Yes,Yes,No,14,0
No,Yes,Yes,No,24,13
No,No,Yes,No,0,1
No,Yes,Yes,No,0,3
No,No,No,No,0,29
No,Yes,Yes,No,62,0
No,Yes,Yes,No,0,6
No,Yes,Yes,No,1,2
No,No,No,No,0,3
No,No,No,No,0,0
No,Yes,Yes,No,0,3
No,No,No,No,0,0
No,Yes,Yes,No,0,1
No,No,Yes,No,0,1
No,No,No,No,0,0
No,No,Yes,No,0,27
No,No,Yes,No,3,2
No,No,Yes,No,0,0
No,No,Yes,No,0,26
No,Yes,Yes,No,0,1
No,Yes,Yes,No,0,4
No,Yes,Yes,No,0,1
No,No,No,No,0,0
No,No,Yes,No,12,0
No,Yes,Yes,Yes,1,1
No,Yes,Yes,Yes,5,0
No,Yes,Yes,No,0,0
No,No,No,No,0,0
No,Yes,Yes,No,0,0
No,No,No,No,0,2
No,Yes,Yes,No,0,10
No,No,No,No,18,0
No,No,No,No,0,0
No,No,No,No,0,1
No,No,No,No,0,0
No,No,Yes,No,0,0
No,Yes,Yes,No,0,5
No,Yes,Yes,No,0,2
No,No,Yes,No,0,0
No,No,Yes,No,1,1
No,Yes,Yes,No,0,4
No,Yes,Yes,No,2,2
No,No,No,No,0,0
No,No,No,No,0,0
No,No,Yes,No,0,111
No,Yes,Yes,No,0,0
No,Yes,Yes,No,0,2
No,Yes,Yes,No,0,0
No,No,Yes,No,0,0
No,Yes,Yes,No,0,1
No,Yes,Yes,No,0,0
No,Yes,Yes,No,2,13
No,Yes,Yes,No,216,2
No,No,Yes,No,0,21
No,No,Yes,No,0,1
No,No,Yes,No,0,3
No,Yes,Yes,No,0,10
No,No,Yes,No,6,0
No,Yes,Yes,No,0,0
No,Yes,Yes,No,0,1
No,Yes,Yes,No,0,4
No,No,No,No,0,0
No,No,Yes,No,0,0
No,No,No,No,0,0
No,Yes,Yes,No,0,3
No,No,Yes,No,0,0
No,No,No,No,0,0
No,Yes,Yes,No,0,0
No,No,Yes,No,0,3
No,No,Yes,No,1,21
No,No,Yes,No,0,13
No,No,No,No,0,11
No,No,Yes,No,0,0
No,No,Yes,No,0,0
No,Yes,Yes,No,0,0
No,No,Yes,No,0,5
No,No,No,No,0,0
No,Yes,Yes,No,0,0
No,No,No,No,0,2
No,Yes,Yes,No,221,2
No,Yes,Yes,No,0,0
No,Yes,Yes,No,0,1
No,No,No,No,51,77
No,Yes,Yes,No,0,2
No,Yes,Yes,No,0,3
No,Yes,Yes,No,0,1
No,No,No,No,0,0
No,No,No,No,0,0
No,No,Yes,No,0,4
No,Yes,Yes,No,0,1
No,Yes,Yes,No,0,1
No,No,Yes,No,0,3
No,No,Yes,No,0,3
No,Yes,Yes,Yes,48,0
No,Yes,Yes,No,0,0
No,Yes,Yes,No,219,2
No,Yes,Yes,No,0,1
No,No,No,No,0,4
No,No,Yes,No,0,1
No,Yes,Yes,No,0,0
No,No,Yes,No,0,3
No,No,Yes,No,0,0
No,Yes,Yes,No,0,1
No,No,Yes,No,0,5
No,No,Yes,No,0,0
No,Yes,Yes,No,0,0
No,No,Yes,No,0,8
No,No,Yes,No,0,1
No,No,No,No,0,0
No,Yes,Yes,No,0,0
No,Yes,Yes,No,0,0
No,Yes,Yes,No,1,3
No,Yes,Yes,No,1,6
No,Yes,Yes,No,89,0
No,No,No,No,0,0
No,No,Yes,No,47,1
No,Yes,Yes,No,0,8
No,No,No,No,0,0
No,Yes,Yes,No,0,2
No,Yes,Yes,No,3,18
No,No,No,No,0,2
No,Yes,Yes,No,0,3
No,Yes,Yes,No,1,5
No,Yes,Yes,No,3,0
No,Yes,Yes,No,3,2
No,No,No,No,0,0
No,Yes,Yes,No,1,1
No,Yes,Yes,No,50,3
No,No,Yes,No,0,5
No,Yes,Yes,No,0,1
No,Yes,Yes,No,1,1
No,Yes,Yes,No,0,3
No,Yes,Yes,No,0,19
No,Yes,Yes,No,0,0
No,Yes,Yes,No,0,0
No,Yes,Yes,No,0,2
No,Yes,Yes,No,1,1
No,Yes,Yes,No,0,0
No,Yes,Yes,No,1,1
No,No,Yes,No,0,3
No,Yes,Yes,No,0,3
No,No,Yes,No,0,2
No,Yes,Yes,No,7,0
No,Yes,Yes,No,0,0
No,No,Yes,No,0,1
No,No,Yes,No,1,0
No,Yes,Yes,No,0,1
No,Yes,Yes,No,21,1
No,Yes,Yes,No,0,0
No,No,No,No,0,6
No,Yes,Yes,No,0,0
No,Yes,Yes,No,0,4
No,No,Yes,No,0,2
No,No,No,No,0,0
No,No,Yes,No,0,6
No,No,No,No,0,2
No,No,No,No,0,0
No,No,Yes,No,0,1
No,No,No,No,0,6
No,No,No,No,0,0
No,No,Yes,No,0,2
No,No,No,No,0,0
No,No,No,No,0,0
No,No,Yes,No,226,1
No,No,No,No,0,0
No,No,Yes,No,0,0
No,Yes,Yes,No,241,10
No,No,Yes,No,1,1
No,No,No,No,0,0
No,No,No,No,0,0
No,No,Yes,No,0,0
No,No,Yes,No,259,1
No,No,Yes,No,1,1
No,No,No,No,0,0
No,Yes,Yes,No,0,1
No,No,No,No,0,0
No,No,Yes,No,0,0
No,No,No,No,0,11
No,Yes,Yes,No,0,0
No,No,Yes,No,0,1
No,No,No,No,0,1
No,Yes,Yes,No,0,6
No,No,Yes,No,69,6
No,No,Yes,No,0,3
No,Yes,Yes,No,0,0
No,No,No,No,0,10
No,Yes,Yes,No,2,5
No,Yes,Yes,No,23,3
No,Yes,Yes,No,0,18
No,No,Yes,No,1,2
No,Yes,Yes,No,0,0
No,Yes,Yes,No,0,0
No,No,No,No,0,0
No,No,No,No,0,14
No,Yes,Yes,No,0,2
No,Yes,Yes,No,0,3
No,Yes,Yes,No,45,6
No,No,Yes,No,0,2
No,Yes,Yes,No,0,12
No,No,Yes,Yes,178,0
No,Yes,Yes,No,0,0
No,No,Yes,No,0,0
No,No,Yes,No,0,0
No,Yes,Yes,No,0,1
No,Yes,Yes,No,0,0
No,Yes,Yes,No,0,0
No,Yes,Yes,No,0,1
No,No,No,No,0,1
No,Yes,Yes,No,0,13
No,No,Yes,No,0,138
No,Yes,Yes,No,0,42
No,No,No,No,0,0
No,No,No,No,1,1
No,Yes,Yes,No,0,0
No,No,Yes,No,0,0
No,No,Yes,No,0,3
No,No,No,No,0,0
No,Yes,Yes,Yes,181,2
No,Yes,Yes,No,0,0
No,No,Yes,No,0,8
No,Yes,Yes,No,0,7
No,Yes,Yes,No,0,5
No,Yes,Yes,No,0,0
No,Yes,Yes,No,0,26
No,No,Yes,Yes,27,1
No,Yes,Yes,No,0,1
No,Yes,Yes,No,0,0
No,Yes,Yes,No,0,0
No,Yes,Yes,No,0,0
No,No,Yes,No,0,0
No,Yes,Yes,No,0,0
No,Yes,Yes,No,0,47
No,No,Yes,No,0,0
No,No,Yes,No,0,0
No,No,Yes,No,0,11
No,Yes,Yes,No,0,2
No,No,Yes,No,0,0
No,Yes,Yes,No,0,7
No,Yes,Yes,No,0,2
No,No,No,No,0,0
No,No,Yes,No,0,7
No,No,No,No,0,1
No,No,Yes,No,0,2
No,Yes,Yes,No,0,2
No,Yes,Yes,No,48,0
No,Yes,Yes,No,0,3
No,Yes,Yes,No,48,0
No,Yes,Yes,No,50,6
No,Yes,Yes,No,12,3
No,Yes,Yes,No,0,7
No,Yes,Yes,No,0,2
No,Yes,Yes,No,0,11
No,No,No,No,0,0
No,Yes,Yes,No,0,0
No,No,No,No,0,5
No,Yes,Yes,No,0,3
No,No,No,No,0,0
No,No,No,No,0,1
No,No,No,No,0,2
No,Yes,Yes,No,1,5
No,Yes,Yes,No,0,2
No,No,No,No,0,0
No,Yes,Yes,No,1,8
No,Yes,Yes,No,0,0
No,Yes,Yes,No,0,0
No,Yes,Yes,No,0,11
No,No,No,No,0,0
No,Yes,Yes,No,0,1
No,Yes,Yes,No,0,119
No,No,No,No,0,0
No,Yes,Yes,No,5,9
No,Yes,Yes,No,0,2
No,Yes,Yes,No,0,15
No,Yes,Yes,No,0,1
No,Yes,Yes,No,0,31
No,Yes,Yes,No,0,3
No,No,Yes,No,0,8
No,Yes,Yes,No,0,0
No,Yes,Yes,No,48,13
No,Yes,Yes,No,0,14
No,Yes,Yes,No,0,1
No,Yes,Yes,No,2,7
No,No,No,No,0,1
No,Yes,Yes,No,0,1
No,Yes,Yes,No,0,2
No,Yes,Yes,No,12,0
No,No,No,No,0,1
No,No,Yes,No,0,0
No,No,Yes,No,0,0
No,Yes,Yes,No,0,0
No,No,Yes,No,0,0
No,No,No,No,0,1
No,No,No,No,0,0
No,No,No,No,0,0
No,No,Yes,No,0,1
No,Yes,Yes,No,0,0
No,Yes,Yes,No,0,4
No,Yes,Yes,No,0,1
No,Yes,Yes,No,0,2
No,Yes,Yes,No,0,4
No,Yes,Yes,No,1,6
No,Yes,Yes,No,0,1
No,Yes,Yes,No,49,1
No,Yes,Yes,No,49,18
No,Yes,Yes,No,0,2
No,Yes,Yes,No,0,1
No,Yes,Yes,No,0,1
No,Yes,Yes,No,0,16
No,No,No,No,0,0
No,No,Yes,No,0,13
No,No,Yes,No,0,0
No,Yes,Yes,No,0,0
No,No,Yes,No,0,12
No,No,No,No,0,0
No,Yes,Yes,No,0,10
No,No,Yes,No,0,0
No,Yes,Yes,No,1,0
No,Yes,Yes,No,0,0
No,Yes,Yes,No,0,0
No,Yes,Yes,No,0,0
No,Yes,Yes,No,0,2
No,Yes,Yes,No,0,5
No,No,Yes,No,0,1
No,Yes,Yes,No,0,0
No,Yes,Yes,No,1,1
No,No,Yes,No,0,2
No,Yes,Yes,No,1,1
No,Yes,Yes,No,1,9
No,No,Yes,No,0,8
No,No,No,No,0,9
No,No,Yes,No,0,0
No,Yes,Yes,No,0,0
No,No,No,No,1,2
No,Yes,Yes,No,0,27
No,No,Yes,No,0,0
No,No,No,No,0,3
No,No,No,No,0,0
No,Yes,Yes,No,0,4
No,No,No,No,0,1
No,Yes,Yes,No,0,7
No,No,No,No,0,0
No,Yes,Yes,No,0,0
No,No,No,No,0,0
No,Yes,Yes,No,0,1
No,Yes,Yes,No,9,2
No,Yes,Yes,No,0,1
No,No,No,No,0,0
No,Yes,Yes,No,0,3
No,Yes,Yes,No,109,2
No,Yes,Yes,No,0,1
No,Yes,Yes,No,0,1
No,No,Yes,No,0,5
No,No,Yes,No,35,0
No,Yes,Yes,No,0,9
No,No,No,No,0,0
No,Yes,Yes,No,0,3
No,Yes,Yes,No,0,8
No,No,No,No,0,0
No,Yes,Yes,No,0,4
No,No,Yes,No,0,0
No,No,No,No,4,12
No,No,No,No,2,10
No,No,No,No,2,9
No,Yes,Yes,No,0,2
No,Yes,Yes,No,0,2
No,Yes,Yes,No,10,3
No,Yes,Yes,No,11,4
No,Yes,Yes,No,0,0
No,No,No,No,0,1
No,Yes,Yes,No,1,0
No,No,No,No,0,0
No,Yes,Yes,No,0,0
No,No,No,No,0,0
No,Yes,Yes,No,0,11
No,No,No,No,0,0
No,Yes,Yes,No,0,9
No,No,No,No,0,1
No,Yes,Yes,No,0,18
No,No,Yes,No,0,7
No,Yes,Yes,No,0,0
No,Yes,Yes,No,0,0
No,Yes,Yes,No,0,0
No,Yes,Yes,No,0,0
No,No,Yes,No,1,0
No,Yes,Yes,No,0,2
No,Yes,Yes,No,0,0
No,Yes,Yes,No,0,3
No,Yes,Yes,No,0,0
No,Yes,Yes,No,0,1
No,Yes,Yes,No,0,1
No,No,No,No,0,0
No,Yes,Yes,No,0,2
No,Yes,Yes,No,0,2
No,Yes,Yes,No,0,3
No,Yes,Yes,No,42,1
No,Yes,Yes,No,0,3
No,No,Yes,No,0,0
No,Yes,Yes,No,0,1
No,Yes,Yes,No,10,5
No,Yes,Yes,No,1,4
No,No,No,No,0,2
No,Yes,Yes,No,0,1
No,No,Yes,No,4,1
No,No,Yes,No,1,5
No,No,Yes,No,1,1
No,No,No,No,0,0
No,No,Yes,No,0,2
No,No,No,No,0,1
No,No,Yes,No,0,3
No,Yes,Yes,No,0,2
No,Yes,Yes,No,0,2
No,No,Yes,No,0,4
No,Yes,Yes,No,1,2
No,Yes,Yes,No,0,2
No,Yes,Yes,No,0,0
No,No,Yes,No,1,2
No,Yes,Yes,No,1,1
No,Yes,Yes,No,1,2
No,Yes,Yes,No,1,3
No,Yes,Yes,No,0,1
No,No,Yes,No,0,0
No,No,Yes,No,0,0
No,Yes,Yes,No,45,2
No,Yes,Yes,No,0,1
No,Yes,Yes,No,5,0
No,Yes,Yes,No,1,1
No,Yes,Yes,No,1,1
No,Yes,Yes,No,5,1
No,No,Yes,No,0,4
No,No,Yes,No,0,8
No,No,No,No,0,0
No,Yes,Yes,No,1,1
No,Yes,Yes,No,0,1
No,Yes,Yes,No,7,14
No,Yes,Yes,No,0,0
No,Yes,Yes,No,2,7
No,Yes,Yes,No,2,3
No,No,No,No,0,1
No,Yes,Yes,Yes,35,0
No,Yes,Yes,No,116,0
No,No,Yes,No,0,11
No,No,Yes,No,1,4
No,Yes,Yes,No,11,11
No,Yes,Yes,No,0,6
No,Yes,Yes,No,0,22
No,Yes,Yes,No,1,4
No,Yes,Yes,No,0,0
No,No,Yes,No,0,1
No,Yes,Yes,No,0,0
No,No,Yes,No,0,0
No,Yes,Yes,No,0,4
No,No,Yes,No,0,0
No,Yes,Yes,No,0,1
No,Yes,Yes,No,0,1
No,Yes,Yes,No,1,3
No,Yes,Yes,No,0,3
No,No,No,No,0,1
No,No,Yes,No,0,3
No,Yes,Yes,No,0,9
No,Yes,Yes,No,0,2
No,No,No,No,0,0
No,Yes,Yes,No,25,0
No,Yes,Yes,No,0,0
No,Yes,Yes,No,0,1
No,Yes,Yes,No,0,1
No,No,No,No,0,0
No,Yes,Yes,No,0,2
No,Yes,Yes,No,0,2
No,Yes,Yes,No,0,7
No,No,Yes,No,0,0
No,Yes,Yes,No,2,3
No,No,No,No,1,1
No,Yes,Yes,No,6,6
No,Yes,Yes,No,0,1
No,No,Yes,No,0,0
No,Yes,Yes,No,0,0
No,No,Yes,No,0,0
No,Yes,Yes,No,0,0
No,No,Yes,No,2,4
No,No,No,No,0,1
No,Yes,Yes,No,0,7
No,No,No,No,0,1
No,Yes,Yes,No,0,0
No,Yes,Yes,No,0,0
No,No,Yes,No,3,68
No,No,Yes,No,4,61
No,No,Yes,No,0,0
No,No,Yes,No,9,0
No,Yes,Yes,No,0,1
No,No,Yes,No,0,0
No,No,No,Yes,4,0
No,No,Yes,No,18,13
No,Yes,Yes,No,2,0
No,Yes,Yes,No,0,4
No,No,Yes,No,9,2
No,Yes,Yes,No,2,0
No,No,Yes,No,0,0
No,No,No,No,3,1
No,No,Yes,No,0,1
No,No,No,No,0,0
No,Yes,Yes,No,1,1
No,Yes,Yes,No,0,2
No,Yes,Yes,No,0,0
No,No,Yes,No,0,1
No,No,Yes,No,0,0
No,No,Yes,No,1,0
No,Yes,Yes,No,0,0
No,Yes,Yes,No,1,0
No,Yes,Yes,No,1,4
No,Yes,Yes,No,0,2
No,Yes,Yes,No,0,2
No,Yes,Yes,No,1,2
No,Yes,Yes,No,34,2
No,Yes,Yes,No,0,4
No,No,No,No,10,1
No,No,No,No,5,0
No,No,No,No,1,1
No,Yes,Yes,No,0,3
No,No,Yes,No,3,0
No,Yes,Yes,No,7,2
No,No,Yes,No,1,0
No,No,Yes,No,4,3
No,Yes,Yes,No,0,1
No,No,Yes,No,1,3
No,Yes,Yes,No,0,1
No,Yes,Yes,No,0,0
No,No,No,No,0,4
No,Yes,Yes,No,0,5
No,Yes,Yes,No,0,7
No,No,Yes,No,0,0
No,Yes,Yes,No,0,11
No,Yes,Yes,No,15,0
No,No,No,No,1,1
No,Yes,Yes,No,0,2
No,No,Yes,No,3,3
No,Yes,Yes,No,0,3
No,Yes,Yes,No,0,1
No,Yes,Yes,No,5,1
No,Yes,Yes,No,1,0
No,Yes,Yes,No,7,11
No,Yes,Yes,No,1,0
No,Yes,Yes,No,0,1
No,Yes,Yes,No,0,10
No,No,Yes,No,9,0
No,Yes,Yes,No,1,1
No,No,Yes,No,1,1
No,No,Yes,No,0,2
No,Yes,Yes,No,2,0
No,Yes,Yes,No,0,1
No,No,Yes,No,0,1
No,Yes,Yes,No,0,1
No,No,No,No,0,1
No,No,No,No,0,1
No,No,Yes,No,1,1
No,Yes,Yes,No,1,1
No,Yes,Yes,No,0,1
No,No,Yes,No,0,0
No,No,No,No,1,1
No,Yes,Yes,No,0,12
No,Yes,Yes,No,1,1
No,No,Yes,No,1,0
No,No,Yes,No,1,0
No,No,Yes,No,0,2
No,No,No,No,4,3
No,No,Yes,No,0,0
No,No,Yes,No,0,1
No,No,No,No,0,0
No,Yes,Yes,No,2,0
No,No,Yes,No,1,1
No,No,Yes,No,1,0
No,No,Yes,No,6,0
No,No,Yes,No,1,1
No,Yes,Yes,No,0,0
No,Yes,Yes,No,1,2
No,No,Yes,No,1,0
No,No,Yes,No,0,3
No,Yes,Yes,No,2,0
No,No,Yes,No,1,0
No,No,Yes,No,0,3
No,No,Yes,No,0,3
No,Yes,Yes,No,0,4
No,Yes,Yes,No,0,2
No,No,No,No,1,1
No,No,No,No,1,0
No,No,Yes,No,1,1
No,Yes,Yes,No,0,2
No,No,Yes,No,29,0
No,Yes,Yes,No,0,0
No,No,Yes,No,5,0
No,No,Yes,No,0,0
No,Yes,Yes,No,0,0
No,Yes,Yes,No,0,7
No,Yes,Yes,No,0,1
No,No,Yes,No,2,4
No,Yes,Yes,No,1,1
No,No,Yes,No,0,0
No,Yes,Yes,No,0,0
No,Yes,Yes,No,0,5
No,Yes,Yes,No,2,2
No,No,Yes,No,1,0
No,No,Yes,No,1,1
No,Yes,Yes,No,0,3
No,No,No,No,0,0
No,Yes,Yes,No,0,1
No,No,No,No,1,4
No,Yes,Yes,No,0,2
No,No,No,No,0,0
No,No,No,No,0,1
No,No,No,No,0,0
No,No,Yes,No,0,20
No,Yes,Yes,No,5,2
No,No,No,No,2,0
No,No,Yes,No,2,0
No,No,Yes,No,0,1
No,Yes,Yes,No,1,2
No,No,Yes,No,1,4
No,No,Yes,No,13,0
No,No,Yes,No,2,2
No,Yes,Yes,No,0,0
No,Yes,Yes,No,1,1
No,No,Yes,No,0,1
No,Yes,Yes,No,2,3
No,No,No,No,0,5
No,No,No,No,0,0
No,No,Yes,Yes,3,0
No,Yes,Yes,No,0,0
No,Yes,Yes,No,0,9
No,No,Yes,No,0,4
No,Yes,Yes,No,0,19
No,Yes,Yes,No,0,11
No,No,No,Yes,4,0
No,Yes,Yes,No,0,3
No,No,Yes,No,0,2
No,Yes,Yes,No,37,0
No,No,Yes,No,2,0
No,No,Yes,No,0,0
No,No,Yes,No,1,0
No,No,Yes,No,0,39
No,Yes,Yes,No,0,0
No,No,No,No,0,2
No,No,Yes,No,0,0
No,Yes,Yes,No,9,0
No,Yes,Yes,No,16,0
No,Yes,Yes,No,0,2
No,No,Yes,No,1,0
No,No,Yes,No,0,0
No,No,Yes,No,25,0
No,No,No,No,1,0
No,No,Yes,No,0,2
No,No,Yes,No,1,1
No,No,Yes,No,6,5
No,Yes,Yes,No,1,4
No,No,Yes,No,4,4
No,No,Yes,No,8,0
No,No,Yes,No,5,3
No,No,Yes,No,4,0
No,No,Yes,No,0,0
No,No,Yes,No,1,0
No,No,Yes,No,0,2
No,No,Yes,No,3,1
No,No,Yes,No,0,0
No,No,Yes,No,1,1
No,No,Yes,No,16,14
No,No,Yes,No,32,17
No,No,Yes,No,0,0
No,No,Yes,No,1,0
No,Yes,Yes,No,0,0
No,No,Yes,No,1,1
No,No,Yes,No,1,13
No,No,Yes,No,1,0
No,No,Yes,No,0,0
No,Yes,Yes,No,0,0
No,Yes,Yes,No,0,1
No,No,Yes,No,6,32
No,No,Yes,Yes,2,27
No,No,Yes,No,0,0
No,Yes,Yes,No,1,1
No,No,Yes,No,5,3
No,No,Yes,No,0,0
No,No,Yes,No,1,0
No,No,Yes,No,7,0
No,No,Yes,No,15,26
No,No,Yes,Yes,6,7
No,No,Yes,No,2,4
No,No,Yes,No,1,0
No,No,Yes,No,0,2
No,No,Yes,No,1,0
No,Yes,Yes,No,0,0
No,No,Yes,No,2,0
No,No,Yes,No,6,8
No,Yes,Yes,No,0,0
No,No,Yes,No,1,1
No,No,Yes,No,0,0
No,No,Yes,No,6,7
No,No,Yes,No,1,1
No,No,Yes,No,0,2
No,No,Yes,No,19,7
No,No,Yes,No,0,0
No,No,Yes,No,1,1
No,No,Yes,Yes,3,0
No,No,Yes,No,58,2
No,Yes,Yes,No,0,0
No,Yes,Yes,No,0,0
No,Yes,Yes,No,0,3
No,No,No,No,3,0
No,Yes,Yes,No,0,0
No,No,No,No,0,15
No,Yes,Yes,No,2,1
No,No,Yes,No,1,0
No,Yes,Yes,No,6,7
No,No,No,No,1,0
No,No,Yes,No,0,0
No,No,No,Yes,4,0
No,No,No,No,0,0
No,No,Yes,Yes,1,0
No,No,No,No,1,0
No,Yes,Yes,No,0,7
No,No,No,No,5,0
No,No,No,No,2,12
No,No,No,No,0,2
No,No,Yes,No,0,5
No,No,Yes,No,0,0
No,No,Yes,No,1,0
No,Yes,Yes,No,0,3
No,Yes,Yes,No,0,10
No,No,No,No,4,3
No,Yes,Yes,No,0,0
No,No,No,No,0,5
No,Yes,Yes,No,0,6
No,No,No,No,0,2
No,Yes,Yes,No,0,2
No,No,No,No,0,0
No,No,Yes,No,0,1
No,No,Yes,No,0,2
No,Yes,Yes,No,3,2
No,No,Yes,No,0,0
No,Yes,Yes,No,0,15
No,No,No,No,1,1
No,Yes,Yes,No,10,14
No,No,Yes,Yes,4,0
No,No,Yes,No,0,0
No,No,Yes,No,1,1
No,No,No,No,0,0
No,Yes,Yes,No,1,1
No,No,Yes,No,0,1
No,No,No,No,0,1
No,No,Yes,No,0,1
No,Yes,Yes,No,62,13
No,No,Yes,No,1,1
No,No,Yes,No,0,0
No,No,Yes,No,1,0
No,No,Yes,No,0,0
No,No,Yes,No,1,0
No,No,Yes,No,1,15
No,No,No,No,0,0
No,Yes,Yes,No,0,1
No,Yes,Yes,No,0,9
No,No,No,No,1,1
No,No,Yes,No,1,5
No,No,No,No,7,0
No,No,No,No,1,0
No,No,No,No,7,0
No,No,No,No,40,0
No,No,No,No,4,0
No,No,No,No,0,1
No,Yes,Yes,No,1,2
No,No,Yes,No,0,0
No,Yes,Yes,No,6,8
No,No,Yes,No,65,1
No,Yes,Yes,No,0,1
No,No,No,No,1,1
No,No,No,No,2,0
No,No,No,No,0,4
No,Yes,Yes,No,0,0
No,Yes,Yes,No,7,3
No,No,Yes,No,2,5
No,No,No,No,0,2
No,No,No,No,0,1
No,No,Yes,No,1,2
No,Yes,Yes,No,0,0
No,Yes,Yes,No,1,1
No,Yes,Yes,No,1,1
No,No,No,No,16,0
No,No,No,No,0,0
No,No,Yes,No,0,1
No,No,No,No,0,0
No,No,Yes,No,37,1
No,Yes,Yes,No,0,0
No,No,Yes,Yes,2,0
No,Yes,Yes,No,0,0
No,Yes,Yes,No,1,0
No,Yes,Yes,No,0,0
No,Yes,Yes,No,1,0
No,No,No,No,0,0
No,No,Yes,No,10,1
No,No,No,No,0,2
No,No,Yes,No,6,1
No,No,Yes,No,0,2
No,No,No,No,2,1
No,No,No,No,1,0
No,No,Yes,No,1,0
No,No,Yes,No,0,1
No,No,Yes,No,1,1
No,Yes,Yes,No,9,5
No,No,Yes,No,1,0
No,No,Yes,No,0,0
No,Yes,Yes,No,0,0
No,No,No,No,1,1
No,No,Yes,No,0,12
No,No,No,No,0,0
No,Yes,Yes,No,1,0
No,Yes,Yes,No,2,2
No,No,No,No,0,0
No,No,Yes,No,6,0
No,Yes,Yes,No,5,3
No,Yes,Yes,No,1,1
No,No,Yes,No,1,0
No,No,Yes,No,1,0
No,No,Yes,No,7,2
No,No,No,No,3,1
No,No,No,No,1,1
No,No,No,No,2,0
No,No,No,No,0,0
No,Yes,Yes,No,1,0
No,No,No,No,8,6
No,No,Yes,No,0,4
No,Yes,Yes,No,1,0
No,Yes,Yes,No,0,0
No,Yes,Yes,No,1,0
No,Yes,Yes,No,2,0
No,No,Yes,No,0,0
No,Yes,Yes,No,2,1
No,No,No,No,0,0
No,No,Yes,No,0,0
No,No,Yes,No,2,4
No,No,Yes,No,0,6
No,No,Yes,No,0,0
No,Yes,Yes,No,0,1
No,No,Yes,No,0,0
No,No,No,No,1,1
No,No,No,No,1,0
No,No,Yes,No,0,3
No,No,Yes,No,0,0
No,No,Yes,No,1,1
No,Yes,Yes,No,0,0
No,Yes,Yes,No,66,1
No,No,No,No,1,0
No,No,Yes,No,0,0
No,No,Yes,No,32,93
No,No,Yes,No,0,2
No,No,No,No,0,1
No,Yes,Yes,No,0,16
No,No,Yes,No,1,0
No,No,Yes,No,0,0
No,No,Yes,No,47,0
No,No,No,No,1,3
No,No,Yes,No,0,2
No,Yes,Yes,No,1,0
No,No,No,No,0,1
No,Yes,Yes,No,0,4
No,No,No,No,0,0
No,Yes,Yes,No,0,1
No,No,Yes,No,10,0
No,Yes,Yes,No,1,1
No,No,Yes,No,1,0
No,Yes,Yes,No,1,0
No,No,Yes,No,0,0
No,No,Yes,No,3,1
No,No,Yes,No,9,0
No,No,Yes,No,4,0
No,No,Yes,No,6,0
No,No,Yes,No,22,0
No,Yes,Yes,No,1,2
No,No,Yes,No,1,1
No,Yes,Yes,No,0,0
No,No,Yes,No,10,1
No,Yes,Yes,No,0,0
No,Yes,Yes,No,2,0
No,Yes,Yes,No,2,1
No,No,Yes,No,1,0
No,Yes,Yes,No,0,1
No,No,Yes,No,3,0
No,Yes,Yes,No,0,1
No,No,Yes,No,64,69
No,No,Yes,No,9,0
No,No,Yes,No,0,0
No,No,Yes,No,1,2
No,No,Yes,No,0,20
No,No,Yes,Yes,16,3
No,Yes,Yes,Yes,1,1
No,Yes,Yes,No,0,0
No,No,Yes,No,2,0
No,Yes,Yes,No,1,1
No,Yes,Yes,No,1,0
No,No,Yes,Yes,38,1
No,No,Yes,No,5,0
No,No,Yes,Yes,8,1
No,No,Yes,No,0,1
No,No,Yes,No,3,0
No,No,Yes,No,2,0
No,No,Yes,No,5,0
No,No,Yes,No,8,0
No,No,Yes,No,1,0
No,No,Yes,No,1,0
No,No,Yes,No,8,0
No,Yes,Yes,No,1,1
No,No,Yes,No,6,0
No,No,Yes,No,1,0
No,No,Yes,No,0,0
No,No,Yes,No,15,0
No,No,Yes,No,0,0
No,No,Yes,No,1,2
No,No,Yes,No,0,0
No,No,Yes,No,0,0
No,No,Yes,No,1,1
No,No,Yes,No,0,0
No,Yes,Yes,No,1,0
No,No,No,No,0,0
No,No,No,No,3,0
No,Yes,Yes,No,7,14
No,No,No,No,0,0
No,No,Yes,No,1,0
No,No,No,No,0,0
No,No,Yes,No,0,9
No,No,Yes,No,4,4
No,Yes,Yes,No,3,2
No,No,Yes,No,0,0
No,Yes,Yes,No,4,2
No,Yes,Yes,No,0,16
No,No,No,No,0,0
No,No,Yes,No,0,14
No,No,Yes,No,0,36
No,No,No,No,0,0
No,No,No,No,0,0
No,Yes,Yes,No,0,1
No,Yes,Yes,No,1,2
No,Yes,Yes,No,0,21
No,No,No,No,1,1
No,No,No,No,0,0
No,Yes,Yes,No,1,1
No,No,No,No,0,0
No,Yes,Yes,No,5,9
No,Yes,Yes,No,0,1
No,No,Yes,No,12,2
No,No,No,No,0,0
No,No,Yes,No,0,16
No,No,Yes,No,4,0
No,No,Yes,No,0,33
No,No,Yes,No,0,1
No,No,No,No,0,0
No,No,Yes,No,0,6
No,Yes,Yes,No,0,0
No,Yes,Yes,No,0,5
No,No,No,No,1,1
No,No,No,No,0,0
No,Yes,Yes,No,0,9
No,No,Yes,No,0,51
No,No,Yes,No,0,0
No,No,Yes,No,2,0
No,Yes,Yes,No,0,2
No,Yes,Yes,No,0,89
No,Yes,Yes,No,0,29
No,Yes,Yes,No,0,47
No,No,Yes,No,1,1
No,Yes,Yes,No,0,88
No,No,Yes,No,0,12
No,Yes,Yes,No,0,0
No,No,Yes,No,0,64
No,Yes,Yes,No,0,0
No,No,Yes,No,0,0
No,No,Yes,No,0,0
No,No,Yes,No,0,67
No,Yes,Yes,No,0,0
No,Yes,Yes,No,1,3
No,No,Yes,No,0,0
No,Yes,Yes,No,0,0
No,Yes,Yes,No,0,0
No,No,Yes,No,1,10
No,Yes,Yes,No,1,2
No,Yes,Yes,No,0,8
No,Yes,Yes,No,0,1
No,Yes,Yes,No,0,4
No,Yes,Yes,No,0,8
No,No,Yes,No,0,0
No,No,Yes,No,0,0
No,Yes,Yes,No,16,2
No,No,Yes,No,2,1
No,No,No,No,0,0
No,Yes,Yes,No,0,8
No,Yes,Yes,No,0,9
No,Yes,Yes,No,1,0
No,No,Yes,No,0,3
No,No,Yes,No,0,0
No,No,No,No,0,0
No,No,Yes,No,0,4
No,No,Yes,No,1,1
No,No,Yes,No,1,0
No,No,Yes,No,0,0
No,No,Yes,No,0,18
No,No,Yes,No,1,1
No,No,Yes,No,0,1
No,No,Yes,No,0,0
No,Yes,Yes,No,1,1
No,Yes,Yes,No,0,2
No,No,Yes,No,0,0
No,No,Yes,No,3,1
No,Yes,Yes,No,0,0
No,No,Yes,No,1,0
No,No,Yes,No,2,0
No,Yes,Yes,No,1,0
No,No,No,No,0,0
No,No,Yes,No,0,13
No,Yes,Yes,No,0,1
No,No,Yes,Yes,6,1
No,No,Yes,No,0,0
No,No,Yes,No,0,1
No,Yes,Yes,No,0,1
No,No,No,No,0,0
No,Yes,Yes,No,0,3
No,Yes,Yes,No,1,0
No,No,Yes,No,0,1
No,No,Yes,No,2,0
No,Yes,Yes,No,8,1
No,Yes,Yes,No,1,0
No,No,No,No,1,0
No,No,Yes,No,0,3
No,No,Yes,No,0,0
No,No,Yes,No,0,5
No,Yes,Yes,No,0,0
No,No,No,No,2,0
No,No,Yes,No,4,35
No,No,Yes,No,0,0
No,Yes,Yes,No,0,1
No,No,Yes,No,0,5
No,No,Yes,No,0,6
No,Yes,Yes,No,12,0
No,Yes,Yes,No,0,0
No,No,Yes,No,0,3
No,No,Yes,No,0,12
No,Yes,Yes,No,0,1
No,No,No,No,0,0
No,No,No,No,0,0
No,Yes,Yes,No,2,0
No,Yes,Yes,No,0,0
No,Yes,Yes,No,1,1
No,No,Yes,No,3,2
No,Yes,Yes,No,0,2
No,No,No,No,0,0
No,No,Yes,No,0,2
No,No,Yes,No,0,0
No,No,Yes,No,2,1
No,Yes,Yes,No,0,3
No,No,Yes,No,12,0
No,Yes,Yes,No,0,13
No,No,Yes,No,4,3
No,Yes,Yes,No,0,0
No,No,Yes,No,1,0
No,No,No,No,0,0
No,Yes,Yes,No,2,2
No,Yes,Yes,No,0,0
No,Yes,Yes,No,0,1
No,No,Yes,No,1,1
No,No,Yes,No,1,1
No,No,Yes,No,2,7
No,No,Yes,No,1,0
No,No,Yes,No,2,2
No,No,No,No,0,1
No,No,No,No,0,0
No,No,Yes,No,6,8
No,Yes,Yes,No,0,0
No,Yes,Yes,No,0,12
No,No,Yes,No,0,0
No,Yes,Yes,No,0,3
No,No,No,No,0,0
No,No,Yes,No,0,1
No,No,No,No,1,1
No,Yes,Yes,No,0,1
No,Yes,Yes,No,0,0
No,No,Yes,No,0,8
No,No,Yes,No,6,0
No,No,No,No,0,0
No,No,Yes,No,0,30
No,No,Yes,No,1,1
No,No,Yes,No,1,0
No,No,Yes,No,1,6
No,No,Yes,No,0,1
No,No,Yes,No,1,1
No,No,Yes,No,1,0
No,No,Yes,No,0,6
No,No,Yes,No,0,0
No,No,Yes,No,0,1
No,No,Yes,No,1,1
No,No,Yes,No,0,0
No,Yes,Yes,No,0,3
No,No,Yes,No,26,2
No,No,Yes,No,0,0
No,Yes,Yes,No,1,0
No,No,Yes,No,9,5
No,No,Yes,No,5,4
No,No,Yes,No,6,6
No,Yes,Yes,No,0,1
No,No,Yes,No,0,0
No,Yes,Yes,No,1,3
No,No,No,No,0,0
No,Yes,Yes,No,0,1
No,Yes,Yes,No,1,1
No,Yes,Yes,Yes,2,6
No,No,Yes,No,1,0
No,No,Yes,No,53,12
No,No,Yes,No,0,0
No,No,Yes,No,15,0
No,No,Yes,No,0,0
No,No,Yes,No,6,0
No,No,No,No,0,1
No,No,Yes,No,0,0
No,No,Yes,No,9,5
No,Yes,Yes,No,0,8
No,Yes,Yes,No,0,3
No,Yes,Yes,No,0,0
No,No,Yes,No,1,0
No,No,Yes,No,0,2
No,No,Yes,No,1,0
No,No,Yes,No,0,0
No,No,Yes,No,0,1
No,Yes,Yes,No,0,11
No,No,No,No,2,2
No,Yes,Yes,No,1,0
No,Yes,Yes,No,0,0
No,Yes,Yes,No,0,0
No,No,Yes,No,0,4
No,Yes,Yes,No,0,2
No,No,Yes,No,1,0
No,No,Yes,No,1,0
No,No,No,No,0,0
No,Yes,Yes,No,2,5
No,Yes,Yes,No,1,4
No,No,No,No,0,0
No,No,Yes,No,1,1
No,Yes,Yes,No,1,3
No,No,No,No,1,1
No,Yes,Yes,No,1,0
No,No,No,No,0,0
No,Yes,Yes,No,5,4
No,No,Yes,Yes,9,0
No,No,Yes,No,0,0
No,No,No,No,1,1
No,No,Yes,No,0,1
No,No,Yes,No,0,1
No,No,Yes,No,0,0
No,No,Yes,No,0,1
No,No,Yes,No,0,6
No,No,Yes,No,0,6
No,No,Yes,No,0,0
No,Yes,Yes,No,1,2
No,Yes,Yes,No,0,1
No,No,Yes,No,0,0
No,No,Yes,No,2,0
No,No,Yes,No,19,2
No,No,Yes,No,1,0
No,No,Yes,No,2,0
No,No,Yes,No,42,0
No,Yes,Yes,No,0,0
No,No,Yes,No,27,0
No,No,Yes,No,1,0
No,No,Yes,No,6,0
No,No,Yes,No,26,0
No,Yes,Yes,No,1,1
No,No,Yes,No,1,0
No,No,Yes,No,16,0
No,No,Yes,No,2,1
No,No,Yes,No,0,8
No,Yes,Yes,No,0,8
No,No,No,No,0,2
No,No,No,No,0,0
No,Yes,Yes,No,1,2
No,No,Yes,No,0,0
No,No,Yes,No,0,3
No,Yes,Yes,No,1,3
No,No,Yes,Yes,8,2
No,No,Yes,No,0,2
No,No,Yes,No,2,0
No,No,Yes,No,1,0
No,No,Yes,No,0,0
No,No,Yes,No,5,1
No,Yes,Yes,No,0,0
No,No,Yes,No,0,2
No,No,Yes,No,0,0
No,No,Yes,No,2,2
No,No,Yes,No,0,0
No,No,Yes,No,22,6
No,No,Yes,No,0,0
No,No,Yes,No,3,0
No,No,Yes,No,4,0
No,No,No,No,0,0
No,No,No,No,0,0
No,Yes,Yes,No,1,0
No,Yes,Yes,No,1,1
No,No,No,No,2,0
No,No,No,No,0,0
No,No,Yes,No,15,43
No,No,Yes,No,2,1
No,No,Yes,No,1,4
No,No,Yes,No,0,4
No,Yes,Yes,No,1,1
No,Yes,Yes,No,1,1
No,Yes,Yes,No,0,1
No,No,Yes,No,3,0
No,No,Yes,No,0,0
No,Yes,Yes,No,0,1
No,Yes,Yes,No,1,2
No,No,Yes,No,1,7
No,No,Yes,No,0,19
No,No,Yes,No,97,0
No,No,Yes,Yes,116,0
No,No,Yes,No,2,1
No,No,Yes,No,5,0
No,No,Yes,No,0,1
No,No,Yes,No,9,0
No,No,Yes,Yes,25,7
No,No,Yes,No,0,1
No,No,Yes,No,7,2
No,No,Yes,No,4,2
No,No,Yes,No,0,1
No,No,Yes,No,0,0
No,No,Yes,No,13,0
No,No,Yes,No,0,0
No,No,Yes,No,14,5
No,No,Yes,No,4,0
No,No,Yes,No,2,0
No,No,Yes,No,1,1
No,No,Yes,No,1,1
No,No,Yes,Yes,9,8
No,No,Yes,No,1,2
No,No,Yes,No,0,0
No,No,Yes,No,5,7
No,No,Yes,No,7,0
No,No,Yes,No,0,1
No,No,Yes,Yes,5,4
No,No,Yes,No,1,1
No,No,Yes,No,3,4
No,No,Yes,No,4,26
No,No,Yes,No,4,0
No,No,Yes,No,1,2
No,No,Yes,No,2,0
No,Yes,Yes,No,4,3
No,No,Yes,No,1,0
No,No,Yes,No,5,0
No,No,Yes,No,10,1
No,No,Yes,No,3,0
No,No,Yes,No,1,1
No,No,Yes,No,1,2
No,No,Yes,No,1,0
No,No,Yes,No,1,5
No,No,Yes,No,1,1
No,No,Yes,No,0,0
No,No,Yes,No,1,0
No,No,Yes,No,1,1
No,No,Yes,No,3,0
No,No,Yes,No,6,1
No,No,Yes,No,3,0
No,No,Yes,No,1,1
No,No,Yes,No,2,2
No,No,Yes,No,14,6
No,No,Yes,No,6,0
No,Yes,Yes,No,0,0
No,No,Yes,No,1,0
No,No,Yes,No,0,0
No,No,Yes,No,18,0
No,No,Yes,No,1,0
No,No,Yes,No,0,0
No,No,Yes,No,1,0
No,No,Yes,No,1,1
No,Yes,Yes,No,1,1
No,No,Yes,No,0,0
No,No,Yes,No,3,7
No,No,Yes,No,4,0
No,No,Yes,No,1,6
No,No,Yes,No,4,0
No,No,Yes,No,11,1
No,No,Yes,No,0,0
No,No,Yes,No,0,64
No,No,Yes,No,1,1
No,No,Yes,No,3,4
No,Yes,Yes,No,0,0
No,No,Yes,No,0,4
No,No,Yes,No,21,0
No,No,Yes,No,10,35
No,No,Yes,No,10,0
No,No,Yes,No,6,0
No,No,Yes,No,7,0
No,No,Yes,No,22,0
No,No,Yes,No,2,1
No,No,Yes,No,2,0
No,Yes,Yes,No,1,1
No,No,Yes,No,0,0
No,No,Yes,No,8,1
No,Yes,Yes,No,0,0
No,No,Yes,Yes,1,1
No,No,Yes,No,0,0
No,No,Yes,No,1,0
No,Yes,Yes,No,1,1
No,Yes,Yes,No,0,0
No,No,Yes,No,1,0
No,No,Yes,No,23,0
No,No,Yes,No,1,1
No,No,Yes,No,2,0
No,No,Yes,No,10,8
No,No,Yes,No,8,0
No,No,Yes,No,1,0
No,No,Yes,No,0,0
No,No,Yes,No,4,0
No,No,Yes,No,14,5
No,No,Yes,No,4,2
No,No,Yes,No,7,12
No,No,Yes,No,6,4
No,No,Yes,No,5,2
No,No,Yes,No,1,1
No,No,Yes,No,1,1
No,No,Yes,No,3,0
No,No,Yes,No,8,3
No,Yes,Yes,No,40,40
No,No,Yes,No,10,0
No,No,Yes,No,1,1
No,No,Yes,No,1,1
No,No,Yes,No,0,9
No,No,Yes,No,8,8
No,No,Yes,No,4,0
No,No,Yes,No,12,3
No,No,Yes,No,0,7
No,No,Yes,No,1,1
No,No,Yes,Yes,7,0
No,No,Yes,No,1,1
No,Yes,Yes,No,2,2
No,No,Yes,No,1,0
No,Yes,Yes,No,0,0
No,No,Yes,No,0,34
No,Yes,Yes,No,0,3
No,Yes,Yes,No,0,0
No,No,Yes,No,2,1
No,No,Yes,No,2,1
No,No,Yes,No,0,2
No,No,Yes,No,5,2
No,No,Yes,No,3,0
No,No,Yes,No,15,1
No,No,Yes,No,2,2
No,No,Yes,No,2,2
No,No,Yes,No,0,0
No,No,Yes,No,1,1
No,No,Yes,No,6,0
No,No,Yes,No,4,1
No,No,Yes,No,2,1
No,Yes,Yes,No,0,0
No,No,Yes,No,3,0
No,No,Yes,No,8,2
No,No,Yes,No,0,0
No,Yes,Yes,No,0,1
No,No,Yes,No,3,1
No,No,Yes,No,1,1
No,No,Yes,No,0,0
No,No,Yes,No,3,3
No,No,Yes,No,21,1
No,Yes,Yes,No,2,3
No,No,Yes,No,0,1
No,No,Yes,No,0,18
No,No,Yes,No,11,0
No,No,Yes,No,0,0
No,No,Yes,No,1,0
No,No,Yes,No,0,0
No,No,Yes,No,8,0
No,Yes,Yes,No,1,1
No,No,Yes,No,1,1
No,No,Yes,No,2,0
No,No,Yes,No,0,0
No,No,Yes,No,0,1
No,No,Yes,No,4,2
No,No,Yes,No,10,1
No,No,Yes,No,2,1
No,No,Yes,No,0,5
No,No,Yes,No,4,0
No,No,Yes,No,1,1
No,No,Yes,No,4,3
No,Yes,Yes,No,0,0
No,Yes,Yes,No,2,2
No,No,Yes,No,6,1
No,No,Yes,No,4,0
No,No,Yes,No,1,1
No,Yes,Yes,No,1,1
No,Yes,Yes,No,1,1
No,No,Yes,No,31,4
No,No,Yes,No,0,1
No,No,Yes,No,10,1
No,No,Yes,No,1,0
No,No,Yes,No,1,1
No,No,Yes,No,1,1
No,No,Yes,No,1,1
No,No,Yes,No,6,0
No,No,Yes,No,1,1
No,No,Yes,No,0,20
No,No,Yes,No,7,1
No,Yes,Yes,No,0,1
No,No,Yes,No,8,0
No,No,Yes,No,5,0
No,No,Yes,No,3,2
No,No,Yes,No,3,0
No,No,Yes,No,1,1
No,No,Yes,No,1,1
No,No,Yes,No,3,0
No,No,Yes,No,0,0
No,Yes,Yes,No,1,1
No,Yes,Yes,No,0,0
No,No,Yes,No,1,1
No,No,Yes,No,3,0
No,No,Yes,No,4,0
No,No,Yes,No,9,0
No,No,Yes,No,0,0
No,No,Yes,No,14,10
No,No,Yes,No,1,1
No,No,Yes,No,1,1
No,Yes,Yes,No,0,1
No,No,Yes,No,2,0
No,No,Yes,No,1,1
No,No,Yes,No,4,0
No,No,Yes,No,1,1
No,No,Yes,No,0,0
No,No,Yes,No,8,1
No,Yes,Yes,No,1,1
No,No,Yes,No,2,0
No,No,Yes,No,7,0
No,Yes,Yes,No,2,1
No,No,Yes,No,0,2
No,No,Yes,No,9,3
No,No,Yes,No,3,2
No,No,Yes,No,0,0
No,No,Yes,No,8,0
No,No,Yes,No,2,2
No,No,Yes,No,8,0
No,No,Yes,No,1,1
No,No,Yes,No,0,1
No,No,Yes,No,0,1
No,Yes,Yes,No,1,3
No,No,Yes,No,33,1
No,No,Yes,No,1,0
No,No,Yes,No,1,0
No,No,Yes,No,4,0
No,No,Yes,No,0,0
No,Yes,Yes,No,1,1
No,No,Yes,No,5,5
No,No,Yes,No,0,2
No,No,Yes,No,11,9
No,No,Yes,No,1,1
No,No,Yes,No,4,0
No,No,Yes,No,0,9
No,No,Yes,No,1,1
No,No,Yes,No,0,1
No,No,Yes,No,2,1
No,No,Yes,No,2,1
No,No,Yes,No,0,1
No,No,Yes,No,1,0
No,No,Yes,No,2,0
No,No,Yes,No,0,0
No,No,Yes,No,0,0
No,No,Yes,No,0,14
No,No,Yes,No,0,0
No,No,Yes,No,1,1
No,No,Yes,No,1,0
No,Yes,Yes,No,1,0
No,No,Yes,No,11,2
No,Yes,Yes,No,0,0
No,No,Yes,No,2,1
No,No,Yes,No,6,4
No,No,Yes,No,15,0
No,No,Yes,No,9,0
No,No,Yes,No,15,19
No,No,Yes,No,2,1
No,No,Yes,No,1,0
No,No,Yes,No,2,1
No,Yes,Yes,No,0,0
No,No,Yes,No,12,10
No,No,Yes,No,8,0
No,No,Yes,No,2,1
No,No,Yes,No,3,4
No,No,Yes,No,2,1
No,Yes,Yes,No,1,4
No,No,Yes,No,1,1
No,No,Yes,No,6,0
No,No,Yes,No,3,4
No,No,Yes,No,2,1
No,No,Yes,No,21,0
No,No,Yes,No,1,0
No,No,Yes,No,9,0
No,No,Yes,No,2,0
No,Yes,Yes,No,2,1
No,Yes,Yes,No,0,0
No,Yes,Yes,No,2,2
No,No,Yes,No,2,1
No,No,Yes,No,8,5
No,No,Yes,No,7,3
No,No,Yes,No,4,1
No,No,Yes,No,2,1
No,Yes,Yes,No,2,1
No,No,Yes,No,2,0
No,No,Yes,No,0,0
No,No,Yes,No,1,1
No,Yes,Yes,No,2,1
No,No,Yes,No,8,0
No,Yes,Yes,No,1,1
No,No,Yes,No,7,1
No,Yes,Yes,No,1,1
No,Yes,Yes,No,2,0
No,No,Yes,No,5,2
No,No,Yes,No,2,0
No,No,Yes,No,2,0
No,No,Yes,No,3,0
No,Yes,Yes,No,0,4
No,No,No,No,0,1
No,No,Yes,No,1,0
No,No,Yes,No,2,0
No,No,Yes,Yes,31,2
No,No,Yes,No,7,0
No,No,Yes,No,0,0
No,No,No,No,0,1
No,No,Yes,No,3,0
No,No,Yes,No,0,4
No,Yes,Yes,No,0,0
No,No,Yes,No,3,2
No,Yes,Yes,No,1,1
No,Yes,Yes,No,0,0
No,No,Yes,No,6,0
No,Yes,Yes,No,1,1
No,No,Yes,No,2,2
No,No,Yes,No,11,18
No,Yes,Yes,No,0,0
No,No,Yes,No,1,17
No,No,Yes,No,0,0
No,No,Yes,No,6,5
No,Yes,Yes,No,0,0
No,No,Yes,No,0,12
No,No,Yes,No,15,0
No,No,Yes,No,1,0
No,No,Yes,No,0,0
No,Yes,Yes,No,5,3
No,No,Yes,No,1,0
No,No,Yes,No,0,13
No,No,Yes,No,0,0
No,Yes,Yes,No,0,0
No,Yes,Yes,No,0,0
No,Yes,Yes,No,2,1
No,No,Yes,No,1,7
No,No,Yes,No,0,0
No,No,Yes,No,2,0
No,No,Yes,No,2,1
No,No,Yes,No,2,1
No,Yes,Yes,No,0,0
No,No,Yes,No,1,1
No,No,Yes,No,1,0
No,No,Yes,No,1,0
No,No,Yes,No,1,2
No,Yes,Yes,No,1,1
No,No,No,No,0,0
No,Yes,Yes,No,0,1
No,No,No,No,0,0
No,No,Yes,No,6,2
No,No,Yes,No,1,1
No,No,No,No,0,0
No,No,No,No,0,0
No,No,Yes,No,3,0
No,No,Yes,No,1,0
No,Yes,Yes,No,0,0
No,No,Yes,No,8,1
No,No,Yes,No,0,0
No,No,Yes,No,5,1
No,Yes,Yes,No,1,1
No,No,Yes,No,7,1
No,No,Yes,No,4,0
No,Yes,Yes,No,0,0
No,Yes,Yes,No,0,1
No,Yes,Yes,No,1,0
No,No,Yes,No,2,7
No,No,Yes,No,26,0
No,Yes,Yes,No,0,0
No,Yes,Yes,No,1,1
No,No,Yes,Yes,6,0
No,Yes,Yes,No,2,2
No,Yes,Yes,No,1,8
No,Yes,Yes,No,3,2
No,Yes,Yes,No,1,0
No,No,Yes,No,2,1
No,No,Yes,No,1,1
No,No,Yes,No,1,1
No,Yes,Yes,No,6,0
No,Yes,Yes,No,1,1
No,No,Yes,No,1,1
No,No,Yes,No,10,1
No,No,Yes,No,1,1
No,Yes,Yes,No,0,0
No,Yes,Yes,No,4,0
No,Yes,Yes,No,1,1
No,Yes,Yes,No,1,0
No,Yes,Yes,No,1,1
No,No,Yes,No,1,3
No,No,Yes,No,24,2
No,No,Yes,No,12,0
No,No,Yes,No,1,0
No,No,Yes,No,4,0
No,No,Yes,No,2,0
No,No,Yes,No,4,1
No,No,Yes,No,0,1
No,No,Yes,No,14,13
No,No,Yes,No,4,0
No,No,Yes,No,1,1
No,No,Yes,No,0,19
No,No,Yes,No,14,0
No,Yes,Yes,No,1,1
No,No,Yes,No,2,0
No,No,Yes,No,1,0
No,Yes,Yes,No,0,0
No,No,Yes,No,6,8
No,Yes,Yes,No,0,1
No,Yes,Yes,No,0,1
No,No,Yes,No,1,1
No,Yes,Yes,No,0,0
No,No,Yes,No,3,1
No,Yes,Yes,No,1,2
No,No,Yes,Yes,3,0
No,No,Yes,No,2,1
No,No,Yes,No,1,1
No,No,Yes,No,2,2
No,No,Yes,No,7,4
No,No,Yes,No,1,1
No,No,Yes,No,10,0
No,Yes,Yes,No,1,1
No,Yes,Yes,No,0,1
No,No,Yes,No,2,0
No,No,Yes,No,1,1
No,Yes,Yes,No,2,1
No,No,Yes,No,8,7
No,No,Yes,No,1,5
No,No,Yes,No,0,0
No,No,Yes,No,0,12
No,No,Yes,No,2,1
No,Yes,Yes,No,1,2
No,No,Yes,No,0,1
No,Yes,Yes,No,1,0
No,No,Yes,No,1,2
No,No,Yes,No,2,4
No,No,Yes,No,2,1
No,Yes,Yes,No,0,2
No,Yes,Yes,No,0,0
No,No,Yes,No,5,4
No,No,Yes,No,0,0
No,Yes,Yes,No,0,0
No,No,Yes,No,0,2
No,No,Yes,No,6,2
No,No,Yes,No,4,2
No,No,Yes,No,3,3
No,No,Yes,No,1,0
No,No,Yes,No,0,0
No,No,Yes,No,1,1
No,No,Yes,No,1,1
No,No,Yes,No,10,0
No,No,Yes,No,4,5
No,No,Yes,No,1,0
No,No,Yes,No,1,7
No,No,Yes,No,14,0
No,No,Yes,No,2,0
No,Yes,Yes,No,0,0
No,No,Yes,No,5,0
No,No,Yes,No,4,6
No,Yes,Yes,No,1,2
No,No,Yes,No,9,0
No,No,Yes,No,2,0
No,Yes,Yes,No,0,1
No,Yes,Yes,No,0,0
No,No,Yes,No,0,8
No,No,Yes,No,12,4
No,Yes,Yes,No,0,0
No,No,Yes,No,5,9
No,No,Yes,No,7,13
No,Yes,Yes,No,0,0
No,No,Yes,No,2,0
No,Yes,Yes,No,0,0
No,No,Yes,No,4,1
No,Yes,Yes,No,1,1
No,No,Yes,No,2,0
No,No,Yes,No,3,0
No,No,Yes,No,1,1
No,No,Yes,No,1,1
No,Yes,Yes,No,0,0
No,No,Yes,No,2,0
No,Yes,Yes,No,2,2
No,No,Yes,No,10,0
No,No,Yes,No,0,0
No,Yes,Yes,No,2,0
No,Yes,Yes,No,0,0
No,No,Yes,No,1,1
No,No,Yes,No,6,0
No,Yes,Yes,No,1,1
No,Yes,Yes,No,2,1
No,No,Yes,No,1,0
No,Yes,Yes,No,0,0
No,Yes,Yes,No,1,0
No,No,Yes,No,9,1
No,Yes,Yes,No,1,1
No,No,Yes,No,10,0
No,Yes,Yes,No,0,0
No,No,Yes,No,1,1
No,Yes,Yes,No,2,1
No,Yes,Yes,No,0,0
No,Yes,Yes,No,2,1
No,Yes,Yes,No,0,1
No,No,Yes,No,1,0
No,No,Yes,No,4,1
No,No,Yes,No,0,0
No,No,Yes,No,0,3
No,No,Yes,No,0,0
No,No,Yes,No,0,1
No,No,Yes,No,0,0
No,No,Yes,No,1,2
No,No,Yes,No,1,1
No,No,No,No,0,0
No,No,No,No,1,3
No,No,Yes,No,6,0
No,No,No,No,0,0
No,No,Yes,No,0,0
No,No,Yes,No,3,1
No,No,Yes,No,0,2
No,Yes,Yes,No,0,0
No,No,Yes,No,1,1
No,No,Yes,Yes,8,0
No,Yes,Yes,No,0,0
No,No,Yes,No,2,1
No,No,No,Yes,8,0
No,No,Yes,No,0,1
No,No,No,No,0,0
No,No,Yes,No,0,2
No,Yes,Yes,No,0,1
No,Yes,Yes,No,1,2
No,No,Yes,No,0,0
No,Yes,Yes,No,1,0
No,No,No,No,0,8
No,Yes,Yes,No,1,1
No,Yes,Yes,No,10,1
No,Yes,Yes,No,1,0
No,Yes,Yes,No,0,1
No,Yes,Yes,No,0,0
No,Yes,Yes,No,0,4
No,No,Yes,No,0,4
No,Yes,Yes,No,0,3
No,No,Yes,No,0,10
No,No,Yes,No,0,0
No,No,Yes,No,1,1
No,No,Yes,No,3,4
No,No,Yes,No,2,1
No,No,Yes,No,0,2
No,No,Yes,No,0,0
No,No,Yes,No,0,1
No,Yes,Yes,No,0,0
No,Yes,Yes,No,1,1
No,Yes,Yes,No,0,0
No,Yes,Yes,No,1,0
No,No,Yes,No,1,1
No,No,Yes,No,0,0
No,Yes,Yes,No,0,4
No,No,No,No,0,0
No,Yes,Yes,No,0,1
No,Yes,Yes,No,0,3
No,No,Yes,No,9,0
No,Yes,Yes,No,0,0
No,Yes,Yes,No,1,1
No,Yes,Yes,No,2,1
No,Yes,Yes,No,0,2
No,Yes,Yes,No,0,1
No,Yes,Yes,No,0,3
No,Yes,Yes,No,0,2
No,Yes,Yes,No,0,5
No,Yes,Yes,No,1,1
No,Yes,Yes,No,0,0
No,Yes,Yes,No,0,3
No,No,Yes,No,0,0
No,No,Yes,No,1,2
No,No,Yes,No,1,1
No,No,Yes,No,1,0
No,No,Yes,No,2,1
No,No,Yes,No,0,1
No,No,Yes,No,10,4
No,No,Yes,No,2,0
No,Yes,Yes,No,0,0
No,No,Yes,No,2,1
No,No,Yes,No,2,0
No,No,Yes,No,2,2
No,No,Yes,No,2,1
No,No,Yes,No,2,1
No,No,Yes,No,1,1
No,Yes,Yes,No,0,0
No,Yes,Yes,No,6,4
No,No,Yes,No,5,11
No,No,Yes,No,5,0
No,No,Yes,No,0,12
No,Yes,Yes,No,17,5
No,Yes,Yes,No,1,2
No,Yes,Yes,No,0,0
No,Yes,Yes,No,2,2
No,Yes,Yes,No,0,1
No,No,Yes,No,1,0
No,No,Yes,No,0,0
No,No,Yes,No,0,2
No,No,Yes,No,0,0
No,Yes,Yes,No,1,0
No,Yes,Yes,No,1,9
No,Yes,Yes,No,0,0
No,No,Yes,No,4,1
No,No,Yes,No,0,2
No,No,Yes,No,1,1
No,Yes,Yes,No,0,3
No,Yes,Yes,No,2,1
No,No,Yes,No,14,0
No,Yes,Yes,No,1,2
No,Yes,Yes,No,0,1
No,No,Yes,No,0,0
No,No,Yes,No,0,1
No,No,No,No,0,0
No,No,Yes,No,0,1
No,No,Yes,No,1,1
No,No,Yes,No,1,1
No,Yes,Yes,No,0,1
No,No,Yes,No,1,1
No,Yes,Yes,No,0,1
No,No,No,No,0,0
No,Yes,Yes,No,1,3
No,Yes,Yes,No,0,3
No,No,Yes,No,1,2
No,Yes,Yes,No,0,0
No,Yes,Yes,No,0,1
No,Yes,Yes,No,0,2
No,Yes,Yes,No,0,1
No,No,Yes,No,0,0
No,No,Yes,No,1,0
No,No,No,No,0,0
No,Yes,Yes,No,1,2
No,No,No,No,0,0
No,No,Yes,No,0,1
No,No,No,No,0,1
No,No,No,No,0,0
No,No,Yes,No,1,2
No,No,Yes,No,3,10
No,No,Yes,No,0,0
No,No,No,No,0,0
No,No,Yes,No,0,3
No,No,Yes,No,0,0
No,No,Yes,No,0,3
No,No,No,No,3,0
No,No,Yes,No,0,2
No,No,Yes,No,0,0
No,No,Yes,No,0,1
No,No,Yes,No,0,1
No,No,Yes,No,0,0
No,No,Yes,No,0,3
No,Yes,Yes,No,1,1
No,No,Yes,No,0,0
No,No,Yes,No,0,8
No,No,Yes,No,0,0
No,No,No,No,1,0
No,No,Yes,No,1,1
No,No,Yes,No,0,2
No,No,Yes,No,0,0
No,No,Yes,No,1,0
No,No,Yes,No,2,1
No,Yes,Yes,No,0,0
No,No,Yes,No,0,1
No,Yes,Yes,No,0,0
No,Yes,Yes,No,0,1
No,Yes,Yes,No,1,0
No,Yes,Yes,No,0,4
No,No,No,No,1,0
No,No,No,No,0,1
Yes,Yes,Yes,No,3,4
Yes,Yes,Yes,No,5,7
Yes,No,Yes,Yes,2,0
Yes,No,Yes,No,47,0
Yes,No,No,No,1,1
Yes,No,Yes,No,0,0
Yes,No,Yes,No,0,0
Yes,No,Yes,No,0,0
Yes,No,No,Yes,7,0
Yes,No,Yes,No,0,7
Yes,No,Yes,Yes,7,0
Yes,No,No,No,7,0
Yes,No,No,No,2,1
Yes,No,Yes,No,0,2
Yes,Yes,Yes,No,1,0
Yes,No,No,No,16,0
Yes,No,No,No,2,0
Yes,No,No,No,1,1
Yes,No,Yes,No,0,1
Yes,No,No,No,2,3
Yes,No,No,No,1,0
Yes,Yes,Yes,No,1,0
Yes,No,No,Yes,10,0
Yes,Yes,Yes,No,1,0
Yes,No,No,No,6,0
Yes,No,No,No,3,0
Yes,No,No,No,0,0
Yes,No,No,No,0,1
Yes,No,No,No,2,0
Yes,No,No,No,1,0
Yes,No,No,No,0,1
Yes,No,No,No,9,0
Yes,No,No,No,0,1
Yes,No,No,No,2,1
Yes,Yes,Yes,No,2,0
Yes,No,No,No,8,0
Yes,Yes,Yes,No,3,1
Yes,No,No,Yes,3,0
Yes,No,No,No,0,9
Yes,No,No,No,0,0
Yes,No,No,Yes,3,0
Yes,No,Yes,No,0,9
Yes,No,Yes,No,1,0
Yes,No,Yes,No,2,4
Yes,No,Yes,No,4,7
Yes,No,Yes,No,9,8
Yes,No,Yes,No,1,0
Yes,No,No,No,1,0
Yes,No,No,No,13,140
Yes,Yes,Yes,No,1,0
Yes,Yes,Yes,No,1,0
Yes,No,No,No,0,0
Yes,Yes,Yes,No,0,0
Yes,No,No,No,4,4
Yes,No,No,No,4,1
Yes,No,No,No,1,0
Yes,No,Yes,No,9,0
Yes,Yes,Yes,No,1,0
Yes,No,Yes,No,1,0
Yes,No,No,No,1,2
Yes,No,No,No,1,0
Yes,No,Yes,No,1,0
Yes,Yes,Yes,Yes,3,0
Yes,No,No,No,0,0
Yes,No,No,No,1,0
Yes,No,No,No,2,1
Yes,Yes,Yes,No,1,0
Yes,No,No,No,1,0
Yes,No,Yes,No,16,34
Yes,Yes,Yes,No,1,0
Yes,Yes,Yes,No,4,6
Yes,Yes,Yes,No,1,0
Yes,Yes,Yes,No,1,1
Yes,No,No,No,0,1
Yes,Yes,Yes,No,2,1
Yes,Yes,Yes,No,1,2
Yes,Yes,Yes,No,0,3
Yes,No,Yes,No,1,0
Yes,Yes,Yes,No,1,0
Yes,No,Yes,Yes,38,0
Yes,No,No,No,7,93
Yes,Yes,Yes,No,1,0
Yes,No,Yes,No,0,1
Yes,No,Yes,No,1,0
Yes,Yes,Yes,No,1,1
Yes,No,Yes,No,7,109
Yes,Yes,Yes,No,1,0
Yes,No,No,No,1,0
Yes,No,Yes,No,0,1
Yes,No,Yes,No,1,0
Yes,No,No,No,1,0
Yes,No,Yes,No,1,0
Yes,No,Yes,No,1,0
Yes,Yes,Yes,No,0,1
Yes,Yes,Yes,No,1,0
Yes,No,No,No,1,0
Yes,No,No,No,1,0
Yes,Yes,Yes,No,1,0
Yes,Yes,Yes,No,1,0
Yes,No,No,Yes,6,0
Yes,No,No,Yes,5,0
Yes,No,No,Yes,2,0
Yes,Yes,Yes,No,12,16
Yes,No,Yes,No,4,6
Yes,Yes,Yes,No,5,8
Yes,No,Yes,No,18,6
Yes,No,Yes,No,5,5
Yes,No,No,No,1,0
Yes,No,No,No,1,102
Yes,No,Yes,No,1,1
Yes,No,No,No,3,0
Yes,No,No,No,1,0
Yes,No,No,No,0,3
Yes,Yes,Yes,No,1,3
Yes,No,No,No,0,1
Yes,Yes,Yes,No,1,0
Yes,No,Yes,No,0,0
Yes,Yes,Yes,No,1,0
Yes,No,Yes,No,8,11
Yes,Yes,Yes,No,1,1
Yes,No,No,No,0,18
Yes,No,Yes,No,1,0
Yes,No,Yes,No,9,0
Yes,No,No,No,0,1
Yes,No,Yes,No,18,0
Yes,Yes,Yes,No,6,1
Yes,No,Yes,No,0,4
Yes,No,No,No,3,0
Yes,No,No,No,3,3
Yes,No,No,No,1,1
Yes,No,Yes,No,54,20
Yes,Yes,Yes,No,1,0
Yes,No,Yes,No,15,0
Yes,Yes,Yes,No,1,0
Yes,No,No,No,0,0
Yes,Yes,Yes,No,0,0
Yes,Yes,Yes,No,0,0
Yes,No,No,No,1,0
Yes,Yes,Yes,No,1,0
Yes,Yes,Yes,No,1,0
Yes,Yes,Yes,No,1,2
Yes,No,No,No,20,0
Yes,No,Yes,No,0,0
Yes,Yes,Yes,Yes,3,0
Yes,No,Yes,No,1,0
Yes,No,No,No,1,1
Yes,No,No,Yes,3,0
Yes,No,No,Yes,2,0
Yes,No,No,Yes,2,0
Yes,No,Yes,No,1,1
Yes,No,No,No,7,0
Yes,No,No,No,1,1
Yes,No,No,No,1,0
Yes,Yes,Yes,No,1,1
Yes,No,No,Yes,1,0
Yes,No,No,No,1,1
Yes,No,No,No,8,0
Yes,No,No,No,0,1
Yes,Yes,Yes,No,0,0
Yes,No,No,No,0,0
Yes,Yes,Yes,No,0,0
Yes,No,No,No,2,1
Yes,No,No,No,26,0
Yes,No,No,No,0,1
Yes,No,No,No,0,0
Yes,No,Yes,No,39,1
Yes,Yes,Yes,No,7,3
Yes,Yes,Yes,No,0,1
Yes,No,Yes,No,0,1
Yes,No,Yes,No,15,7
Yes,No,No,No,15,1
Yes,Yes,Yes,No,12,1
Yes,No,No,No,1,0
Yes,No,No,No,6,1
Yes,No,No,No,2,0
Yes,No,No,No,0,22
Yes,Yes,Yes,No,5,2
Yes,Yes,Yes,No,1,1
Yes,Yes,Yes,No,0,0
Yes,Yes,Yes,No,1,0
Yes,Yes,Yes,No,0,0
Yes,No,No,No,0,0
Yes,No,Yes,No,2,0
Yes,Yes,Yes,No,1,1
Yes,Yes,Yes,No,2,5
Yes,No,No,No,1,0
Yes,No,No,No,1,0
Yes,No,No,No,1,0
Yes,No,No,No,1,1
Yes,Yes,Yes,No,0,0
Yes,Yes,Yes,No,6,0
Yes,Yes,Yes,No,1,1
Yes,No,No,No,3,1
Yes,No,Yes,No,1,1
Yes,No,Yes,No,1,0
Yes,Yes,Yes,No,0,1
Yes,Yes,Yes,No,6,1
Yes,No,No,No,1,0
Yes,No,No,Yes,2,0
Yes,Yes,Yes,No,1,0
Yes,No,No,No,2,0
Yes,Yes,Yes,No,0,0
Yes,No,Yes,No,4,0
Yes,Yes,Yes,Yes,5,0
Yes,Yes,Yes,No,1,0
Yes,No,Yes,No,6,3
Yes,No,No,No,0,13
Yes,Yes,Yes,No,0,0
Yes,No,Yes,No,2,2
Yes,No,Yes,No,8,5
Yes,Yes,Yes,No,0,2
Yes,No,No,Yes,2,0
Yes,No,No,No,2,0
Yes,No,No,No,10,0
Yes,No,No,No,1,1
Yes,No,No,No,1,1
Yes,No,No,No,21,0
Yes,No,No,No,1,1
Yes,No,No,Yes,5,0
Yes,No,Yes,No,20,0
Yes,No,Yes,No,2,8
Yes,No,Yes,No,2,1
Yes,No,Yes,No,4,0
Yes,No,Yes,No,1,0
Yes,No,No,No,1,0
Yes,No,No,Yes,7,0
Yes,No,No,No,3,4
Yes,No,No,No,8,0
Yes,No,Yes,Yes,1,0
Yes,No,Yes,Yes,1,0
Yes,Yes,Yes,No,1,1
Yes,No,No,No,6,46
Yes,No,No,No,3,1
Yes,No,Yes,No,19,0
Yes,No,No,No,0,1
Yes,No,No,No,1,0
Yes,No,No,No,1,2
Yes,Yes,Yes,No,1,2
Yes,No,No,No,1,0
Yes,No,No,No,2,2
Yes,No,No,Yes,6,0
Yes,No,No,No,0,0
Yes,No,No,No,1,0
Yes,No,No,No,1,1
Yes,Yes,Yes,No,6,6
Yes,No,No,No,36,0
Yes,No,No,No,1,11
Yes,Yes,Yes,No,2,2
Yes,No,No,Yes,3,0
Yes,No,Yes,No,2,10
Yes,Yes,Yes,No,0,1
Yes,No,Yes,No,2,1
Yes,No,No,Yes,8,1
Yes,No,No,Yes,5,0
Yes,No,No,Yes,2,3
Yes,No,No,Yes,4,0
Yes,No,Yes,No,1,0
Yes,No,Yes,No,5,0
Yes,No,No,No,0,0
Yes,No,Yes,No,21,11
Yes,No,Yes,No,32,12
Yes,Yes,Yes,No,2,0
Yes,No,No,Yes,1,1
Yes,No,No,Yes,1,0
Yes,No,No,Yes,5,4
Yes,No,No,No,0,3
Yes,Yes,Yes,No,6,6
Yes,Yes,Yes,No,1,0
Yes,No,No,Yes,3,0
Yes,No,No,No,4,0
Yes,No,Yes,No,2,1
Yes,No,No,No,6,0
Yes,Yes,Yes,No,1,0
Yes,No,No,Yes,1,0
Yes,No,No,Yes,1,0
Yes,No,Yes,No,0,1
Yes,No,No,No,2,0
Yes,No,No,Yes,4,0
Yes,No,Yes,No,15,9
Yes,No,Yes,No,2,4
Yes,Yes,Yes,Yes,7,0
Yes,No,Yes,No,0,52
Yes,No,Yes,Yes,30,0
Yes,No,Yes,No,0,32
Yes,No,No,No,0,0
Yes,No,No,No,7,1
Yes,No,No,No,1,1
Yes,No,No,No,1,1
Yes,No,Yes,No,5,0
Yes,Yes,Yes,No,2,0
Yes,No,No,No,0,0
Yes,Yes,Yes,No,0,0
Yes,No,Yes,No,17,25
Yes,No,Yes,No,1,0
Yes,No,Yes,No,1,0
Yes,No,No,No,1,1
Yes,No,Yes,No,118,0
Yes,Yes,Yes,No,2,0
Yes,Yes,Yes,No,2,0
Yes,Yes,Yes,No,10,0
Yes,No,No,Yes,5,0
Yes,No,No,No,0,14
Yes,No,No,No,2,0
Yes,No,Yes,No,1,1
Yes,No,No,No,13,24
Yes,No,Yes,No,24,12
Yes,No,Yes,No,67,8
Yes,No,No,No,1,0
Yes,No,No,Yes,3,0
Yes,No,No,No,0,26
Yes,No,No,No,0,61
Yes,No,No,No,0,45
Yes,No,No,No,0,29
Yes,No,Yes,No,29,0
Yes,No,No,No,0,33
Yes,Yes,Yes,No,0,1
Yes,No,Yes,No,1,0
Yes,No,No,Yes,6,0
Yes,No,No,No,1,0
Yes,No,Yes,No,1,1
Yes,No,No,No,2,1
Yes,No,Yes,No,1,0
Yes,Yes,Yes,No,1,0
Yes,No,Yes,No,0,1
Yes,Yes,Yes,No,0,4
Yes,No,No,No,3,0
Yes,No,Yes,No,2,0
Yes,No,No,No,3,1
Yes,No,No,Yes,3,0
Yes,No,Yes,No,1,0
Yes,No,Yes,No,1,0
Yes,No,No,No,1,3
Yes,No,No,No,1,0
Yes,No,No,No,1,0
Yes,No,No,No,21,0
Yes,No,No,No,6,0
Yes,No,No,Yes,18,0
Yes,No,Yes,No,3,10
Yes,No,Yes,No,0,9
Yes,No,No,No,3,2
Yes,Yes,Yes,No,2,3
Yes,Yes,Yes,No,2,1
Yes,No,Yes,No,26,0
Yes,No,Yes,No,0,0
Yes,No,No,No,1,0
Yes,No,No,Yes,4,0
Yes,No,Yes,No,0,4
Yes,No,No,Yes,4,0
Yes,No,Yes,No,3,0
Yes,No,No,No,1,1
Yes,No,No,No,1,0
Yes,No,No,No,0,0
Yes,No,No,No,0,12
Yes,No,Yes,No,13,0
Yes,No,Yes,No,1,1
Yes,No,No,Yes,1,1
Yes,Yes,Yes,No,0,5
Yes,No,Yes,No,5,0
Yes,Yes,Yes,No,6,12
Yes,No,Yes,No,3,4
Yes,Yes,Yes,No,0,3
Yes,No,Yes,No,8,13
Yes,No,No,No,0,1
Yes,Yes,Yes,No,9,7
Yes,No,No,No,18,0
Yes,No,No,No,1,1
Yes,Yes,Yes,No,2,3
Yes,No,No,Yes,5,0
Yes,Yes,Yes,No,0,4
Yes,No,Yes,No,0,0
Yes,Yes,Yes,No,2,0
Yes,No,No,No,2,0
Yes,Yes,Yes,No,1,0
Yes,No,Yes,No,10,0
Yes,No,Yes,No,3,0
Yes,No,No,No,18,0
Yes,No,Yes,No,0,18
Yes,No,No,No,1,0
Yes,Yes,Yes,No,6,0
Yes,No,Yes,No,6,4
Yes,No,Yes,No,3,1
Yes,Yes,Yes,No,1,0
Yes,No,Yes,No,0,3
Yes,Yes,Yes,No,1,1
Yes,No,Yes,No,3,2
Yes,No,Yes,No,0,1
Yes,No,Yes,No,1,1
Yes,No,No,No,1,1
Yes,No,No,No,1,0
Yes,Yes,Yes,No,1,1
Yes,No,No,No,0,18
Yes,No,No,No,1,0
Yes,No,No,No,5,0
Yes,Yes,Yes,No,4,8
Yes,No,No,Yes,8,0
Yes,Yes,Yes,No,1,0
Yes,No,Yes,No,11,11
Yes,No,No,No,5,0
Yes,No,No,No,0,8
Yes,No,Yes,No,2,1
Yes,No,No,No,3,4
Yes,No,Yes,No,3,0
Yes,No,No,No,0,1
Yes,No,No,Yes,2,0
Yes,Yes,Yes,No,1,0
Yes,No,Yes,No,13,0
Yes,No,No,Yes,2,0
Yes,No,No,No,1,0
Yes,Yes,Yes,No,0,0
Yes,No,Yes,No,1,1
Yes,No,Yes,No,3,0
Yes,No,No,No,1,1
Yes,No,Yes,No,1,4
Yes,No,Yes,No,1,0
Yes,No,No,No,4,0
Yes,No,No,No,2,2
Yes,No,No,No,1,0
Yes,No,No,No,97,0
Yes,No,No,No,1,0
Yes,No,No,No,3,0
Yes,No,No,Yes,10,0
Yes,No,No,No,1,1
Yes,No,No,No,0,0
Yes,No,Yes,Yes,4,0
Yes,Yes,Yes,No,1,1
Yes,No,No,No,1,0
Yes,Yes,Yes,No,1,1
Yes,No,No,No,2,0
Yes,No,No,No,0,0
Yes,No,No,No,1,0
Yes,Yes,Yes,No,1,0
Yes,No,No,No,1,0
Yes,Yes,Yes,No,1,3
Yes,Yes,Yes,No,0,0
Yes,Yes,Yes,No,0,0
Yes,No,No,Yes,2,0
Yes,No,Yes,No,2,1
Yes,No,Yes,No,1,1
Yes,Yes,Yes,No,1,1
Yes,No,No,Yes,13,2
Yes,No,Yes,No,1,1
Yes,Yes,Yes,No,4,0
Yes,No,No,No,3,0
Yes,No,Yes,No,2,10
Yes,No,No,No,21,0
Yes,No,No,No,1,1
Yes,No,No,No,2,216
Yes,No,Yes,No,0,21
Yes,No,No,No,21,0
Yes,Yes,Yes,No,1,0
Yes,Yes,Yes,No,1,0
Yes,No,No,No,3,0
Yes,No,No,No,1,0
Yes,No,No,No,10,0
Yes,No,No,No,0,6
Yes,Yes,Yes,No,3,0
Yes,No,Yes,No,1,0
Yes,No,No,Yes,4,0
Yes,No,Yes,Yes,4,0
Yes,No,Yes,No,0,1
Yes,No,Yes,No,0,0
Yes,Yes,Yes,No,3,0
Yes,No,Yes,No,1,0
Yes,No,No,No,3,0
Yes,No,No,Yes,10,0
Yes,No,Yes,No,1,0
Yes,No,Yes,No,0,58
Yes,No,No,Yes,3,0
Yes,No,No,No,1,0
Yes,No,Yes,No,0,1
Yes,No,No,Yes,2,0
Yes,No,No,No,0,1
Yes,No,Yes,No,1,0
Yes,Yes,Yes,No,1,2
Yes,No,Yes,No,7,1
Yes,No,Yes,No,3,0
Yes,No,No,No,21,1
Yes,No,Yes,No,10,6
Yes,No,No,No,13,0
Yes,No,No,No,11,0
Yes,No,Yes,No,6,0
Yes,No,Yes,No,0,0
Yes,No,Yes,No,0,0
Yes,No,Yes,No,0,0
Yes,No,Yes,No,0,0
Yes,No,Yes,Yes,1,0
Yes,No,Yes,Yes,1,1
Yes,No,Yes,Yes,1,1
Yes,No,No,No,0,1
Yes,No,No,Yes,4,0
Yes,No,No,No,0,7
Yes,Yes,Yes,No,1,0
Yes,No,Yes,No,1,1
Yes,No,No,Yes,5,0
Yes,No,No,No,1,0
Yes,Yes,Yes,No,1,1
Yes,No,Yes,No,5,0
Yes,No,Yes,No,5,5
Yes,No,Yes,No,1,7
Yes,Yes,Yes,No,4,2
Yes,Yes,Yes,No,3,1
Yes,Yes,Yes,No,0,1
Yes,No,Yes,No,1,0
Yes,Yes,Yes,No,1,0
Yes,Yes,Yes,Yes,2,3
Yes,No,Yes,Yes,4,0
Yes,No,No,No,5,0
Yes,No,No,No,1,0
Yes,Yes,Yes,No,0,5
Yes,No,No,No,2,0
Yes,Yes,Yes,No,0,1
Yes,No,No,No,2,221
Yes,No,No,No,0,3
Yes,No,No,No,1,0
Yes,Yes,Yes,No,1,1
Yes,No,No,No,1,0
Yes,No,No,Yes,4,0
Yes,No,No,No,77,51
Yes,No,No,No,2,0
Yes,No,No,No,1,2
Yes,No,No,No,3,0
Yes,No,No,Yes,1,0
Yes,No,No,No,1,0
Yes,No,No,No,6,1
Yes,No,No,Yes,2,0
Yes,No,No,No,0,5
Yes,No,No,No,2,2
Yes,No,No,Yes,4,0
Yes,No,Yes,No,2,0
Yes,No,No,No,2,0
Yes,No,No,No,1,0
Yes,No,No,No,1,0
Yes,Yes,Yes,No,0,1
Yes,No,Yes,Yes,3,0
Yes,No,Yes,Yes,3,0
Yes,No,No,No,0,48
Yes,No,No,No,2,219
Yes,No,No,No,1,0
Yes,No,No,No,1,0
Yes,No,No,No,4,0
Yes,No,Yes,No,2,0
Yes,No,No,No,3,0
Yes,Yes,Yes,No,1,0
Yes,No,No,No,1,0
Yes,Yes,Yes,No,3,0
Yes,No,No,No,10,1
Yes,No,No,Yes,5,0
Yes,No,Yes,No,3,0
Yes,No,No,Yes,2,0
Yes,No,No,No,8,0
Yes,No,Yes,No,4,2
Yes,Yes,Yes,No,13,0
Yes,No,No,No,1,1
Yes,No,No,Yes,1,0
Yes,No,No,No,22,0
Yes,No,No,Yes,5,0
Yes,No,No,No,0,22
Yes,Yes,Yes,No,0,2
Yes,No,No,No,25,5
Yes,No,No,No,1,0
Yes,Yes,Yes,No,0,1
Yes,Yes,Yes,No,0,0
Yes,Yes,Yes,No,0,2
Yes,Yes,Yes,No,0,5
Yes,No,No,No,3,1
Yes,No,No,No,5,1
Yes,No,No,No,1,0
Yes,No,No,No,4,0
Yes,No,No,No,1,2
Yes,Yes,Yes,No,0,11
Yes,No,No,No,0,89
Yes,No,No,No,2,1
Yes,No,No,No,0,2
Yes,No,No,Yes,1,1
Yes,No,No,No,1,0
Yes,No,No,No,0,1
Yes,No,No,No,1,216
Yes,Yes,Yes,No,0,1
Yes,No,No,No,1,29
Yes,No,No,No,0,18
Yes,No,No,No,9,9
Yes,No,No,No,12,17
Yes,No,No,No,8,0
Yes,No,No,No,2,0
Yes,No,No,No,18,3
Yes,No,No,No,1,0
Yes,No,No,No,1,0
Yes,No,No,No,1,2
Yes,No,No,No,0,3
Yes,No,Yes,No,0,30
Yes,No,No,No,3,0
Yes,No,No,No,3,1
Yes,No,No,No,4,2
Yes,No,No,No,0,3
Yes,No,No,No,2,3
Yes,No,No,No,2,1
Yes,No,Yes,No,0,7
Yes,No,Yes,No,0,2
Yes,No,No,No,1,1
Yes,No,No,No,3,50
Yes,No,Yes,Yes,1,0
Yes,No,No,Yes,4,0
Yes,No,No,Yes,1,0
Yes,No,No,No,1,1
Yes,No,No,Yes,3,0
Yes,No,Yes,No,11,0
Yes,No,Yes,No,20,0
Yes,No,Yes,Yes,1,2
Yes,Yes,Yes,No,0,0
Yes,Yes,Yes,No,0,2
Yes,No,Yes,No,1,0
Yes,No,Yes,No,2,0
Yes,No,Yes,Yes,2,0
Yes,No,No,No,63,0
Yes,No,No,No,9,0
Yes,No,No,Yes,3,0
Yes,Yes,Yes,No,1,1
Yes,No,No,Yes,1,1
Yes,No,Yes,No,11,0
Yes,No,Yes,No,0,0
Yes,Yes,Yes,No,1,0
Yes,No,No,No,4,0
Yes,No,Yes,No,0,4
Yes,No,Yes,No,1,0
Yes,No,No,No,1,1
Yes,No,No,Yes,3,0
Yes,No,Yes,No,1,0
Yes,Yes,Yes,Yes,3,0
Yes,No,No,No,2,1
Yes,No,No,No,1,0
Yes,No,Yes,No,0,1
Yes,No,No,Yes,2,0
Yes,No,No,No,3,0
Yes,No,Yes,No,1,0
Yes,No,No,No,0,7
Yes,No,No,No,0,0
Yes,No,Yes,No,1,0
Yes,No,No,No,14,0
Yes,Yes,Yes,No,0,1
Yes,No,Yes,No,3,0
Yes,No,Yes,No,3,23
Yes,No,No,No,1,0
Yes,No,No,No,0,1
Yes,No,Yes,No,0,1
Yes,No,No,No,1,0
Yes,No,No,No,1,21
Yes,Yes,Yes,No,9,4
Yes,No,No,No,6,0
Yes,Yes,Yes,No,2,0
Yes,No,Yes,No,0,23
Yes,No,Yes,No,1,0
Yes,Yes,Yes,No,0,1
Yes,No,No,No,1,0
Yes,Yes,Yes,No,3,39
Yes,No,No,No,4,0
Yes,No,No,No,0,9
Yes,No,No,No,2,0
Yes,Yes,Yes,No,2,2
Yes,No,No,No,4,0
Yes,No,No,No,1,0
Yes,No,No,No,1,0
Yes,No,No,No,1,0
Yes,No,No,No,2,0
Yes,No,No,No,2,2
Yes,Yes,Yes,No,0,1
Yes,Yes,Yes,No,1,1
Yes,Yes,Yes,No,0,2
Yes,No,No,No,0,3
Yes,Yes,Yes,No,6,5
Yes,No,Yes,No,1,0
Yes,No,No,No,3,3
Yes,No,No,No,1,1
Yes,No,No,No,1,0
Yes,No,No,No,6,0
Yes,No,Yes,No,0,1
Yes,No,No,No,0,0
Yes,No,Yes,No,0,0
Yes,No,No,No,2,0
Yes,No,No,No,16,0
Yes,No,No,No,2,1
Yes,No,No,No,1,226
Yes,No,No,No,1,0
Yes,No,Yes,No,19,2
Yes,No,No,No,10,241
Yes,No,Yes,No,2,1
Yes,No,Yes,No,2,4
Yes,Yes,Yes,No,1,1
Yes,No,No,No,1,1
Yes,No,No,No,1,0
Yes,No,Yes,No,1,0
Yes,No,No,No,0,3
Yes,No,No,No,0,0
Yes,No,No,No,1,259
Yes,No,Yes,No,3,0
Yes,Yes,Yes,No,0,1
Yes,No,Yes,No,2,0
Yes,No,No,No,1,1
Yes,No,No,No,1,0
Yes,No,No,No,0,0
Yes,Yes,Yes,No,1,1
Yes,No,Yes,No,0,0
Yes,No,Yes,No,0,0
Yes,Yes,Yes,No,0,0
Yes,Yes,Yes,No,1,0
Yes,No,No,No,11,0
Yes,No,No,No,1,0
Yes,No,No,No,2,0
Yes,No,No,No,0,1
Yes,No,Yes,No,0,51
Yes,No,Yes,No,0,17
Yes,No,Yes,No,1,0
Yes,No,Yes,No,5,0
Yes,No,Yes,No,2,0
Yes,No,Yes,No,0,3
Yes,No,No,No,6,0
Yes,No,No,No,3,0
Yes,No,No,No,0,0
Yes,No,Yes,No,1,0
Yes,No,No,No,1,0
Yes,No,No,No,10,0
Yes,No,Yes,No,5,2
Yes,No,No,No,3,23
Yes,Yes,Yes,No,1,0
Yes,No,No,No,7,0
Yes,No,No,No,8,0
Yes,No,No,No,3,0
Yes,No,No,No,1,1
Yes,No,No,No,2,1
Yes,Yes,Yes,No,2,0
Yes,No,No,No,1,0
Yes,Yes,Yes,No,0,0
Yes,No,Yes,No,6,0
Yes,No,Yes,No,0,20
Yes,No,No,No,14,0
Yes,No,No,No,2,0
Yes,No,No,No,3,0
Yes,No,No,No,6,45
Yes,No,No,No,2,0
Yes,No,No,No,1,2
Yes,No,Yes,No,1,2
Yes,Yes,Yes,No,1,1
Yes,No,No,No,12,0
Yes,No,No,No,0,178
Yes,No,Yes,No,19,0
Yes,No,No,No,1,1
Yes,No,No,No,1,0
Yes,No,Yes,No,1,1
Yes,No,No,No,0,0
Yes,No,No,No,0,0
Yes,No,No,No,0,0
Yes,No,Yes,No,1,2
Yes,Yes,Yes,No,1,0
Yes,Yes,Yes,No,0,0
Yes,No,Yes,No,1,1
Yes,No,Yes,No,1,0
Yes,No,No,No,1,0
Yes,Yes,Yes,No,2,0
Yes,No,No,No,1,1
Yes,No,No,No,0,1
Yes,Yes,Yes,No,2,2
Yes,No,No,No,2,0
Yes,No,Yes,No,1,0
Yes,No,Yes,No,1,2
Yes,No,Yes,No,13,2
Yes,No,Yes,No,13,0
Yes,No,Yes,No,0,13
Yes,Yes,Yes,No,13,0
Yes,No,Yes,No,2,0
Yes,No,No,No,138,0
Yes,No,Yes,No,42,0
Yes,No,Yes,No,3,0
Yes,No,Yes,No,2,0
Yes,No,Yes,No,4,1
Yes,No,No,No,1,1
Yes,No,No,No,0,0
Yes,Yes,Yes,No,2,3
Yes,No,No,No,0,0
Yes,No,No,No,3,0
Yes,No,Yes,No,1,0
Yes,No,Yes,No,5,0
Yes,No,Yes,No,25,0
Yes,No,Yes,No,2,0
Yes,Yes,Yes,No,1,12
Yes,No,Yes,No,13,0
Yes,Yes,Yes,No,1,1
Yes,No,No,No,0,2
Yes,No,No,No,14,19
Yes,Yes,Yes,No,1,0
Yes,Yes,Yes,No,2,0
Yes,Yes,Yes,No,1,1
Yes,Yes,Yes,No,1,2
Yes,Yes,Yes,No,1,0
Yes,No,No,No,2,181
Yes,Yes,Yes,No,1,0
Yes,No,No,No,0,6
Yes,No,No,No,0,0
Yes,No,Yes,No,1,0
Yes,No,No,No,2,0
Yes,No,No,No,6,0
Yes,No,No,No,7,2
Yes,No,Yes,Yes,76,0
Yes,No,Yes,No,9,0
Yes,No,Yes,Yes,6,31
Yes,No,Yes,No,0,2
Yes,No,No,No,2,4
Yes,No,No,No,7,0
Yes,No,No,No,5,0
Yes,No,Yes,No,1,2
Yes,No,Yes,Yes,20,0
Yes,No,Yes,Yes,6,0
Yes,Yes,Yes,No,1,1
Yes,Yes,Yes,No,1,1
Yes,No,No,No,1,0
Yes,No,Yes,No,1,1
Yes,Yes,Yes,No,0,0
Yes,Yes,Yes,No,0,1
Yes,No,Yes,Yes,1,0
Yes,Yes,Yes,Yes,1,1
Yes,No,Yes,No,0,2
Yes,Yes,Yes,No,1,1
Yes,No,Yes,No,11,0
Yes,Yes,Yes,No,0,2
Yes,No,No,No,0,1
Yes,No,Yes,No,0,0
Yes,No,No,No,0,0
Yes,No,No,No,0,7
Yes,No,No,No,1,1
Yes,No,Yes,No,3,5
Yes,No,Yes,No,0,1
Yes,No,Yes,No,1,1
Yes,No,Yes,No,1,0
Yes,No,Yes,No,2,3
Yes,No,Yes,No,2,0
Yes,No,Yes,No,7,0
Yes,No,Yes,No,1,0
Yes,No,Yes,No,17,1
Yes,No,Yes,No,5,0
Yes,No,Yes,No,0,0
Yes,No,Yes,No,0,0
Yes,Yes,Yes,No,0,0
Yes,No,Yes,No,46,0
Yes,No,Yes,No,1,0
Yes,No,Yes,No,27,33
Yes,Yes,Yes,No,1,1
Yes,No,Yes,No,2,3
Yes,No,Yes,No,2,2
Yes,No,Yes,No,5,2
Yes,No,Yes,No,2,0
Yes,No,No,Yes,3,0
Yes,Yes,Yes,No,0,3
Yes,No,No,No,1,0
Yes,Yes,Yes,No,0,1
Yes,Yes,Yes,No,0,1
Yes,No,Yes,No,3,4
Yes,No,Yes,No,0,19
Yes,No,Yes,No,1,1
Yes,No,Yes,No,0,6
Yes,No,Yes,No,0,144
Yes,No,Yes,No,1,17
Yes,No,Yes,No,19,0
Yes,No,Yes,No,0,94
Yes,No,Yes,No,0,50
Yes,No,Yes,No,0,1
Yes,No,Yes,No,0,49
Yes,No,Yes,No,0,123
Yes,No,No,No,11,0
Yes,No,Yes,No,2,0
Yes,No,No,No,5,6
Yes,No,No,No,7,0
Yes,No,Yes,No,1,0
Yes,No,No,Yes,2,0
Yes,No,No,No,1,0
Yes,No,No,No,0,0
Yes,No,No,No,0,0
Yes,Yes,Yes,No,1,0
Yes,No,Yes,No,7,0
Yes,No,No,No,2,0
Yes,No,No,No,1,0
Yes,No,No,No,1,2
Yes,No,No,Yes,2,0
Yes,No,No,No,1,0
Yes,No,No,No,0,48
Yes,No,No,No,3,0
Yes,No,No,No,0,48
Yes,No,No,No,6,50
Yes,No,No,No,3,12
Yes,Yes,Yes,No,1,1
Yes,No,No,No,7,0
Yes,No,No,Yes,2,0
Yes,No,Yes,No,9,0
Yes,No,Yes,No,2,0
Yes,Yes,Yes,No,0,1
Yes,No,No,No,5,0
Yes,No,Yes,No,16,0
Yes,No,Yes,Yes,3,0
Yes,No,No,No,1,0
Yes,No,No,No,2,3
Yes,No,No,No,1,1
Yes,No,No,No,2,0
Yes,No,No,No,5,1
Yes,No,No,No,2,0
Yes,No,No,No,1,0
Yes,No,No,No,11,2
Yes,No,No,No,1,3
Yes,No,No,No,1,1
Yes,Yes,Yes,No,0,1
Yes,No,No,No,0,0
Yes,No,Yes,No,11,0
Yes,No,No,No,1,0
Yes,No,No,No,1,0
Yes,No,No,Yes,1,0
Yes,No,No,No,116,0
Yes,No,No,No,1,0
Yes,No,No,No,9,0
Yes,No,No,No,9,5
Yes,No,Yes,No,2,0
Yes,No,No,No,15,0
Yes,Yes,Yes,No,1,0
Yes,No,No,No,1,0
Yes,Yes,Yes,No,1,1
Yes,No,Yes,No,2,1
Yes,Yes,Yes,No,2,1
Yes,No,No,No,10,0
Yes,No,No,No,31,0
Yes,No,No,Yes,4,0
Yes,No,No,No,1,2
Yes,No,No,No,7,0
Yes,No,No,No,1,0
Yes,No,No,No,2,0
Yes,Yes,Yes,No,0,0
Yes,Yes,Yes,No,0,0
Yes,No,No,No,0,0
Yes,No,Yes,No,13,48
Yes,No,No,No,1,0
Yes,No,No,No,14,0
Yes,No,Yes,Yes,1,0
Yes,No,Yes,No,7,2
Yes,Yes,Yes,Yes,3,0
Yes,Yes,Yes,Yes,2,1
Yes,Yes,Yes,Yes,1,1
Yes,No,No,No,1,0
Yes,No,No,Yes,1,0
Yes,No,No,No,1,0
Yes,No,No,Yes,2,0
Yes,No,Yes,No,1,0
Yes,No,No,No,2,2
Yes,No,No,No,12,11
Yes,No,No,No,1,14
Yes,No,No,No,1,0
Yes,Yes,Yes,No,1,1
Yes,No,Yes,No,4,4
Yes,No,No,No,24,0
Yes,No,Yes,No,0,0
Yes,No,Yes,No,0,0
Yes,Yes,Yes,No,7,0
Yes,Yes,Yes,No,1,0
Yes,Yes,Yes,No,2,0
Yes,No,Yes,No,0,10
Yes,No,Yes,No,4,0
Yes,No,No,No,1,0
Yes,No,No,Yes,7,0
Yes,No,No,Yes,6,0
Yes,No,No,No,1,1
Yes,No,No,No,2,2
Yes,No,No,No,0,6
Yes,No,No,No,0,1
Yes,No,No,Yes,1,0
Yes,No,No,No,4,0
Yes,No,No,No,6,0
Yes,No,No,No,1,0
Yes,Yes,Yes,No,0,1
Yes,No,No,No,1,0
Yes,No,No,No,2,0
Yes,No,No,No,4,0
Yes,No,Yes,No,0,3
Yes,No,No,Yes,6,1
Yes,No,No,No,1,0
Yes,No,No,No,1,49
Yes,No,No,No,2,1
Yes,No,No,No,18,49
Yes,No,No,No,2,0
Yes,No,No,No,1,0
Yes,No,No,No,1,0
Yes,No,No,No,16,0
Yes,No,Yes,No,1,0
Yes,No,No,No,8,0
Yes,No,No,No,3,14
Yes,No,No,Yes,6,0
Yes,No,No,No,13,0
Yes,No,Yes,No,33,16
Yes,No,Yes,No,1,1
Yes,No,No,No,0,0
Yes,Yes,Yes,No,0,0
Yes,No,No,No,12,0
Yes,No,No,No,2,2
Yes,No,No,No,3,0
Yes,No,No,No,7,0
Yes,No,No,No,0,1
Yes,Yes,Yes,No,0,2
Yes,Yes,Yes,No,1,0
Yes,Yes,Yes,No,1,0
Yes,Yes,Yes,No,1,0
Yes,Yes,Yes,No,0,0
Yes,Yes,Yes,No,2,1
Yes,Yes,Yes,No,0,1
Yes,No,No,No,1,1
Yes,Yes,Yes,No,2,0
Yes,No,Yes,No,5,0
Yes,No,Yes,No,0,8
Yes,No,Yes,No,1,0
Yes,No,No,No,0,8
Yes,Yes,Yes,No,2,1
Yes,No,No,No,1,0
Yes,No,Yes,No,1,1
Yes,No,No,No,0,2
Yes,No,No,No,2,0
Yes,No,No,No,1,1
Yes,No,Yes,No,0,2
Yes,No,Yes,No,3,9
Yes,No,Yes,No,15,7
Yes,No,Yes,No,1,1
Yes,No,No,No,9,1
Yes,No,Yes,No,8,0
Yes,No,No,No,1,1
Yes,Yes,Yes,No,1,0
Yes,No,No,No,9,0
Yes,No,Yes,No,1,0
Yes,Yes,Yes,No,1,10
Yes,No,No,Yes,4,0
Yes,No,No,No,1,0
Yes,No,Yes,No,0,6
Yes,Yes,Yes,No,0,6
Yes,No,No,No,2,1
Yes,No,No,No,27,0
Yes,Yes,Yes,No,3,0
Yes,No,Yes,No,1,0
Yes,No,No,No,3,0
Yes,No,No,No,4,0
Yes,No,Yes,No,1,0
Yes,No,No,Yes,4,0
Yes,No,No,No,7,0
Yes,No,No,Yes,3,0
Yes,No,No,No,12,0
Yes,No,No,No,5,1
Yes,No,No,No,4,1
Yes,Yes,Yes,No,1,7
Yes,No,No,No,0,0
Yes,Yes,Yes,No,0,2
Yes,No,No,No,1,0
Yes,No,No,Yes,2,0
Yes,No,No,No,3,9
Yes,No,No,No,2,3
Yes,No,No,No,45,0
Yes,No,No,No,1,0
Yes,No,No,No,8,0
Yes,No,No,No,0,0
Yes,No,No,No,2,0
Yes,No,No,No,1,0
Yes,No,No,No,2,109
Yes,No,No,No,1,0
Yes,No,Yes,No,1,0
Yes,No,Yes,Yes,2,0
Yes,No,No,No,1,0
Yes,No,No,No,5,0
Yes,No,Yes,No,3,3
Yes,No,No,No,16,35
Yes,No,No,No,0,8
Yes,No,No,No,0,8
Yes,No,No,No,9,0
Yes,No,Yes,No,2,1
Yes,No,No,Yes,3,0
Yes,No,No,No,8,0
Yes,No,No,No,2,0
Yes,No,No,Yes,22,0
Yes,Yes,Yes,No,3,2
Yes,No,Yes,No,0,22
Yes,Yes,Yes,No,1,2
Yes,No,No,No,4,0
Yes,No,No,No,3,2
Yes,No,No,No,9,2
Yes,No,No,No,9,1
Yes,No,No,No,1,1
Yes,No,No,No,12,4
Yes,Yes,Yes,No,1,0
Yes,No,No,No,5,0
Yes,No,No,No,0,27
Yes,Yes,Yes,No,74,0
Yes,Yes,Yes,No,15,0
Yes,No,No,No,5,3
Yes,No,No,No,1,0
Yes,No,No,No,2,0
Yes,No,Yes,No,1,0
Yes,No,Yes,No,1,0
Yes,No,Yes,No,4,10
Yes,No,Yes,No,0,1
Yes,No,Yes,No,4,11
Yes,No,No,No,1,0
Yes,No,No,No,0,1
Yes,No,Yes,No,1,1
Yes,No,No,No,0,5
Yes,No,No,No,1,0
Yes,No,No,No,0,0
Yes,No,No,No,11,0
Yes,No,No,No,8,0
Yes,No,No,No,1,0
Yes,No,No,No,1,0
Yes,No,Yes,No,18,0
Yes,Yes,Yes,Yes,37,3
Yes,Yes,Yes,No,21,17
Yes,Yes,Yes,No,1,1
Yes,Yes,Yes,No,1,1
Yes,Yes,Yes,No,1,1
Yes,No,Yes,No,7,0
Yes,Yes,Yes,No,2,5
Yes,Yes,Yes,No,1,0
Yes,Yes,Yes,No,3,4
Yes,Yes,Yes,No,4,0
Yes,Yes,Yes,No,4,2
Yes,Yes,Yes,No,0,0
Yes,Yes,Yes,No,1,0
Yes,Yes,Yes,No,0,1
Yes,Yes,Yes,No,2,2
Yes,Yes,Yes,No,1,0
Yes,Yes,Yes,No,2,0
Yes,Yes,Yes,No,0,1
Yes,No,Yes,No,1,18
Yes,No,Yes,No,1,1
Yes,Yes,Yes,No,2,1
Yes,No,Yes,No,1,1
Yes,No,Yes,No,0,93
Yes,No,Yes,No,3,41
Yes,No,Yes,No,1,0
Yes,No,Yes,No,0,9
Yes,No,No,No,0,1
Yes,No,Yes,Yes,2,0
Yes,Yes,Yes,Yes,3,0
Yes,No,No,No,1,1
Yes,No,No,No,1,0
Yes,No,No,No,1,0
Yes,No,No,No,2,0
Yes,No,No,No,2,0
Yes,Yes,Yes,No,3,0
Yes,No,No,No,1,42
Yes,No,No,No,3,0
Yes,Yes,Yes,No,0,3
Yes,No,No,No,3,0
Yes,No,Yes,No,5,3
Yes,No,No,No,1,0
Yes,No,No,No,5,10
Yes,No,No,No,4,1
Yes,No,No,No,2,0
Yes,No,No,No,1,0
Yes,Yes,Yes,No,3,1
Yes,Yes,Yes,No,1,0
Yes,No,Yes,No,1,4
Yes,No,Yes,No,4,1
Yes,No,Yes,No,1,4
Yes,Yes,Yes,No,4,1
Yes,Yes,Yes,No,1,4
Yes,No,Yes,No,1,5
Yes,Yes,Yes,No,5,1
Yes,No,No,No,1,1
Yes,No,No,No,0,0
Yes,No,No,No,2,0
Yes,No,No,No,1,1
Yes,No,No,No,1,0
Yes,No,No,No,14,0
Yes,No,No,Yes,3,0
Yes,No,No,No,2,0
Yes,No,No,No,2,0
Yes,No,No,No,4,0
Yes,No,No,No,2,1
Yes,No,No,No,2,0
Yes,No,Yes,No,2,1
Yes,No,No,No,1,1
Yes,No,No,No,2,0
Yes,No,Yes,No,1,1
Yes,No,No,No,2,1
Yes,No,No,No,3,1
Yes,No,No,No,1,0
Yes,No,Yes,No,24,0
Yes,No,No,No,1,0
Yes,No,Yes,No,0,9
Yes,No,Yes,No,1,0
Yes,No,Yes,No,1,0
Yes,Yes,Yes,No,0,0
Yes,No,Yes,Yes,18,0
Yes,No,Yes,Yes,19,0
Yes,Yes,Yes,No,2,1
Yes,No,Yes,No,4,0
Yes,No,Yes,No,5,0
Yes,Yes,Yes,No,1,0
Yes,No,No,No,2,45
Yes,No,No,No,1,0
Yes,No,No,No,0,5
Yes,No,Yes,Yes,2,0
Yes,No,Yes,No,2,4
Yes,No,No,No,1,1
Yes,No,No,No,1,1
Yes,No,Yes,No,5,0
Yes,No,Yes,No,1,0
Yes,No,No,No,1,5
Yes,No,Yes,No,2,0
Yes,No,Yes,No,1,0
Yes,No,Yes,No,4,0
Yes,No,Yes,No,1,0
Yes,No,No,Yes,8,0
Yes,No,Yes,No,17,4
Yes,No,Yes,No,9,6
Yes,Yes,Yes,No,1,0
Yes,No,Yes,No,0,0
Yes,No,No,No,0,0
Yes,No,No,No,1,1
Yes,No,No,No,1,0
Yes,No,No,Yes,2,0
Yes,No,No,No,14,7
Yes,No,No,No,0,0
Yes,No,No,No,7,2
Yes,No,No,No,3,2
Yes,No,Yes,No,1,0
Yes,Yes,Yes,No,2,1
Yes,No,No,No,1,0
Yes,No,No,No,0,35
Yes,No,No,No,11,0
Yes,No,No,No,0,116
Yes,Yes,Yes,No,1,0
Yes,Yes,Yes,No,3,1
Yes,No,No,No,9,8
Yes,No,No,No,0,1
Yes,No,No,No,0,2
Yes,No,No,No,2,0
Yes,No,No,No,6,0
Yes,No,No,No,22,0
Yes,No,No,No,4,1
Yes,Yes,Yes,No,2,0
Yes,Yes,Yes,No,1,1
Yes,No,No,No,1,0
Yes,No,No,No,1,45
Yes,Yes,Yes,No,1,0
Yes,No,No,No,0,0
Yes,No,Yes,Yes,4,0
Yes,No,No,No,1,0
Yes,Yes,Yes,No,1,0
Yes,No,Yes,No,1,2
Yes,Yes,Yes,No,1,0
Yes,No,No,No,3,1
Yes,No,No,No,9,0
Yes,No,No,No,28,0
Yes,Yes,Yes,No,1,1
Yes,No,No,No,0,1
Yes,No,No,Yes,3,0
Yes,No,No,No,1,0
Yes,No,No,No,40,0
Yes,No,No,Yes,2,0
Yes,No,No,Yes,3,0
Yes,Yes,Yes,No,0,1
Yes,No,No,Yes,3,0
Yes,No,No,No,9,0
Yes,No,No,No,2,0
Yes,No,Yes,No,0,2
Yes,Yes,Yes,No,1,0
Yes,No,No,No,0,23
Yes,No,No,No,0,2
Yes,Yes,Yes,No,4,3
Yes,Yes,Yes,No,4,8
Yes,Yes,Yes,No,1,1
Yes,No,No,No,1,0
Yes,Yes,Yes,No,2,0
Yes,No,No,No,1,0
Yes,Yes,Yes,No,1,0
Yes,No,No,No,1,0
Yes,No,Yes,Yes,2,0
Yes,No,No,No,2,0
Yes,Yes,Yes,No,2,1
Yes,No,No,No,2,0
Yes,No,Yes,No,6,3
Yes,No,Yes,No,0,4
Yes,No,Yes,No,1,1
Yes,No,Yes,Yes,7,0
Yes,No,Yes,No,3,3
Yes,Yes,Yes,No,0,0
Yes,No,No,No,3,2
Yes,No,Yes,No,1,0
Yes,No,No,No,6,5
Yes,No,No,No,1,1
Yes,No,No,No,0,1
Yes,No,Yes,No,18,6
Yes,No,Yes,No,21,6
Yes,No,Yes,No,4,4
Yes,No,Yes,No,5,2
Yes,Yes,Yes,No,1,1
Yes,No,Yes,No,1,0
Yes,No,Yes,No,2,1
Yes,No,Yes,No,5,2
Yes,No,No,No,1,0
Yes,No,No,No,7,0
Yes,No,Yes,No,61,3
Yes,Yes,Yes,No,0,1
Yes,Yes,Yes,No,1,1
Yes,Yes,Yes,No,2,1
Yes,Yes,Yes,No,0,1
Yes,Yes,Yes,No,1,0
Yes,Yes,Yes,No,1,2
Yes,No,Yes,No,6,1
Yes,Yes,Yes,No,7,3
Yes,Yes,Yes,No,1,3
Yes,Yes,Yes,No,0,1
Yes,Yes,Yes,No,2,0
Yes,No,Yes,No,64,4
Yes,No,Yes,No,0,5
Yes,Yes,Yes,No,2,0
Yes,Yes,Yes,No,1,0
Yes,Yes,Yes,No,0,1
Yes,No,No,No,1,0
Yes,No,No,No,0,0
Yes,Yes,Yes,No,0,0
Yes,Yes,Yes,No,0,0
Yes,No,No,No,1,1
Yes,No,Yes,No,2,0
Yes,No,No,No,0,0
Yes,No,No,Yes,1,0
Yes,No,No,No,4,1
Yes,No,No,No,2,0
Yes,No,No,No,2,1
Yes,No,No,No,2,34
Yes,No,Yes,Yes,4,0
Yes,Yes,Yes,No,0,4
Yes,No,No,Yes,4,0
Yes,No,No,Yes,3,0
Yes,No,Yes,No,1,0
Yes,No,No,No,5,0
Yes,No,No,No,7,0
Yes,Yes,Yes,No,0,0
Yes,No,No,Yes,11,0
Yes,No,No,No,0,15
Yes,No,No,Yes,2,0
Yes,No,No,No,3,3
Yes,No,No,No,3,0
Yes,No,Yes,No,1,0
Yes,No,Yes,No,1,0
Yes,No,No,No,9,0
Yes,No,No,No,1,0
Yes,No,No,No,1,10
Yes,No,No,No,2,0
Yes,No,No,No,1,0
Yes,No,No,No,1,0
Yes,No,Yes,No,1,0
Yes,No,No,No,1,0
Yes,No,Yes,No,1,1
Yes,No,No,No,1,0
Yes,No,No,No,1,1
Yes,No,No,No,12,0
Yes,No,No,No,1,1
Yes,No,Yes,No,0,1
Yes,No,No,No,7,7
Yes,No,No,No,2,1
Yes,No,Yes,Yes,3,0
Yes,No,No,No,0,1
Yes,No,No,Yes,3,0
Yes,No,No,Yes,1,1
Yes,No,No,Yes,3,0
Yes,No,No,Yes,4,0
Yes,No,No,No,2,0
Yes,No,Yes,Yes,2,0
Yes,No,No,No,0,29
Yes,No,No,No,1,0
Yes,No,No,No,0,5
Yes,No,No,No,0,0
Yes,No,No,No,0,0
Yes,No,No,No,7,0
Yes,Yes,Yes,No,1,0
Yes,No,No,No,0,0
Yes,No,No,No,5,0
Yes,No,No,No,0,1
Yes,No,No,No,1,1
Yes,No,No,No,3,0
Yes,No,No,Yes,4,1
Yes,No,No,No,1,0
Yes,No,No,Yes,3,4
Yes,No,No,No,1,0
Yes,No,No,No,20,0
Yes,No,No,No,2,5
Yes,No,No,No,4,1
Yes,No,Yes,No,1,1
Yes,No,No,No,1,0
Yes,No,No,No,3,2
Yes,No,No,No,5,0
Yes,No,No,No,0,0
Yes,No,No,No,0,0
Yes,No,Yes,No,0,0
Yes,No,No,No,0,0
Yes,No,No,Yes,4,0
Yes,No,No,No,9,0
Yes,No,No,No,1,0
Yes,No,No,No,11,0
Yes,No,No,No,7,0
Yes,No,No,No,11,0
Yes,No,No,No,3,0
Yes,No,No,No,2,0
Yes,Yes,Yes,No,0,0
Yes,No,No,No,0,0
Yes,No,No,No,2,0
Yes,No,No,No,4,1
Yes,No,Yes,No,0,0
Yes,No,Yes,No,0,1
Yes,No,Yes,No,0,0
Yes,No,Yes,No,0,0
Yes,No,Yes,No,0,0
Yes,No,Yes,No,0,0
Yes,No,Yes,No,0,0
Yes,No,Yes,No,0,0
Yes,Yes,Yes,No,2,2
Yes,No,Yes,No,1,0
Yes,No,Yes,No,2,0
Yes,No,Yes,No,3,0
Yes,No,Yes,No,0,2
Yes,No,Yes,No,1,0
Yes,No,No,No,3,0
Yes,No,No,No,15,0
Yes,No,No,No,2,0
Yes,No,No,No,2,6
Yes,No,No,No,2,0
Yes,No,No,No,1,0
Yes,Yes,Yes,Yes,7,0
Yes,No,No,No,1,0
Yes,No,No,No,2,0
Yes,No,No,No,10,0
Yes,No,No,No,5,0
Yes,No,No,No,6,0
Yes,No,No,No,2,0
Yes,No,No,No,2,0
Yes,No,No,No,1,0
Yes,No,No,No,2,0
Yes,No,No,No,1,1
Yes,No,No,No,1,2
Yes,No,No,No,15,0
Yes,No,Yes,No,14,10
Yes,No,No,No,1,1
Yes,No,No,No,1,0
Yes,No,No,No,1,0
Yes,No,No,No,1,0
Yes,No,Yes,No,13,62
Yes,No,Yes,No,1,1
Yes,No,Yes,No,0,0
Yes,No,Yes,No,0,0
Yes,No,Yes,No,15,1
Yes,No,Yes,No,9,0
Yes,No,Yes,No,1,0
Yes,No,Yes,No,4,0
Yes,No,Yes,No,1,1
Yes,No,No,No,8,6
Yes,No,No,No,1,65
Yes,No,No,No,1,0
Yes,Yes,Yes,No,0,0
Yes,No,No,No,5,2
Yes,No,No,No,1,0
Yes,No,No,No,2,1
Yes,No,No,No,0,0
Yes,No,No,No,1,1
Yes,No,No,No,0,36
Yes,Yes,Yes,No,0,0
Yes,Yes,Yes,No,0,0
Yes,No,Yes,No,3,10
Yes,No,No,No,1,3
Yes,No,Yes,No,2,0
Yes,No,Yes,Yes,2,0
Yes,No,Yes,Yes,1,1
Yes,No,Yes,No,12,0
Yes,No,No,No,4,0
Yes,No,No,No,0,0
Yes,No,Yes,No,1,1
Yes,No,No,No,1,0
Yes,No,No,No,2,0
Yes,No,No,No,1,0
Yes,No,Yes,No,0,0
Yes,No,No,No,1,66
Yes,No,No,No,16,0
Yes,No,No,No,0,0
Yes,No,No,No,2,0
Yes,No,No,No,4,0
Yes,No,No,No,1,0
Yes,No,No,No,1,0
Yes,Yes,Yes,No,0,0
Yes,No,No,No,1,0
Yes,No,Yes,No,0,1
Yes,No,No,No,9,0
Yes,No,No,No,0,0
Yes,No,No,No,16,0
Yes,No,No,No,13,0
Yes,No,No,No,1,0
Yes,No,Yes,No,0,14
Yes,No,No,No,14,0
Yes,No,No,No,36,0
Yes,No,No,No,1,0
Yes,No,No,No,21,0
Yes,No,No,No,1,1
Yes,No,No,No,5,5
Yes,No,No,No,4,0
Yes,No,No,No,1,0
Yes,No,No,No,1,12
Yes,No,No,No,1,0
Yes,No,No,No,80,0
Yes,No,No,No,16,80
Yes,No,No,No,6,0
Yes,No,Yes,No,0,0
Yes,No,No,No,5,0
Yes,No,Yes,No,9,0
Yes,No,No,No,51,0
Yes,No,No,No,2,0
Yes,No,Yes,No,89,0
Yes,No,No,No,29,0
Yes,No,No,No,47,0
Yes,No,No,No,1,1
Yes,No,No,Yes,88,0
Yes,Yes,Yes,No,12,0
Yes,No,No,No,0,0
Yes,Yes,Yes,No,0,0
Yes,No,No,No,64,0
Yes,No,Yes,No,0,0
Yes,No,Yes,No,0,0
Yes,No,Yes,Yes,2,0
Yes,No,No,No,1,0
Yes,No,Yes,Yes,7,0
Yes,Yes,Yes,No,2,0
Yes,No,No,No,1,1
Yes,No,No,No,67,0
Yes,No,No,No,3,1
Yes,No,No,Yes,2,0
Yes,No,No,No,0,0
Yes,No,No,No,0,0
Yes,No,No,No,0,1
Yes,Yes,Yes,No,1,0
Yes,No,No,No,10,1
Yes,No,No,No,2,1
Yes,No,No,Yes,8,0
Yes,No,No,Yes,1,0
Yes,No,No,No,3,0
Yes,No,Yes,No,0,13
Yes,No,No,No,1,0
Yes,No,No,No,4,0
Yes,No,Yes,No,8,0
Yes,No,Yes,No,0,1
Yes,No,Yes,No,0,0
Yes,No,No,No,1,2
Yes,No,No,No,2,16
Yes,Yes,Yes,No,0,1
Yes,No,No,No,8,0
Yes,No,No,No,9,0
Yes,No,No,No,1,0
Yes,No,No,No,1,0
Yes,No,No,No,2,0
Yes,No,No,No,0,1
Yes,No,No,No,0,0
Yes,No,No,No,4,0
Yes,No,No,No,1,1
Yes,Yes,Yes,No,0,0
Yes,Yes,Yes,No,0,0
Yes,No,No,No,1,2
Yes,No,No,No,0,1
Yes,No,No,No,0,0
Yes,No,Yes,No,0,0
Yes,No,No,No,0,0
Yes,No,No,No,13,0
Yes,No,Yes,No,0,0
Yes,No,No,No,1,0
Yes,No,No,No,3,0
Yes,No,No,No,1,0
Yes,No,No,No,1,8
Yes,No,Yes,Yes,3,0
Yes,No,Yes,No,0,0
Yes,No,No,No,0,0
Yes,No,No,No,0,0
Yes,No,No,No,0,0
Yes,No,No,No,0,0
Yes,Yes,Yes,No,0,0
Yes,No,No,No,5,0
Yes,No,No,No,0,0
Yes,No,No,No,1,0
Yes,No,No,No,5,0
Yes,Yes,Yes,No,6,0
Yes,Yes,Yes,No,12,0
Yes,Yes,Yes,No,0,12
Yes,Yes,Yes,No,3,0
Yes,No,No,No,0,2
Yes,Yes,Yes,No,2,0
Yes,No,No,No,2,0
Yes,No,Yes,No,0,0
Yes,No,No,No,3,0
Yes,No,No,No,0,12
Yes,No,Yes,No,12,0
Yes,No,No,No,0,12
Yes,No,No,No,13,0
Yes,No,No,No,0,0
Yes,Yes,Yes,No,0,0
Yes,Yes,Yes,No,2,7
Yes,No,Yes,No,7,2
Yes,No,No,No,0,0
Yes,No,Yes,No,8,6
Yes,No,No,No,0,0
Yes,No,No,No,0,0
Yes,No,No,No,0,0
Yes,No,Yes,No,0,0
Yes,No,No,No,0,0
Yes,No,Yes,No,0,0
Yes,No,No,No,0,0
Yes,Yes,Yes,No,12,0
Yes,No,No,No,0,0
Yes,No,No,No,3,0
Yes,No,No,No,1,0
Yes,No,No,No,1,1
Yes,No,No,No,1,0
Yes,No,No,No,0,0
Yes,No,No,No,8,0
Yes,No,Yes,No,30,0
Yes,No,Yes,No,0,0
Yes,No,No,No,3,0
Yes,No,Yes,No,3,1
Yes,No,No,No,1,0
Yes,No,No,No,1,1
Yes,No,No,No,5,9
Yes,No,No,No,8,0
Yes,No,No,No,3,0
Yes,No,No,No,0,0
Yes,No,No,No,1,0
Yes,No,Yes,No,11,0
Yes,No,No,No,0,0
Yes,Yes,Yes,No,0,0
Yes,Yes,Yes,No,0,0
Yes,No,No,No,4,0
Yes,No,No,No,2,0
Yes,No,No,No,0,0
Yes,No,No,No,5,2
Yes,No,No,No,4,1
Yes,No,No,No,3,1
Yes,No,No,No,0,0
Yes,No,Yes,No,2,0
Yes,No,Yes,No,0,1
Yes,No,Yes,No,1,0
Yes,No,No,No,6,0
Yes,No,No,No,2,1
Yes,No,No,No,0,0
Yes,No,No,No,8,0
Yes,No,No,No,8,0
Yes,No,No,No,2,0
Yes,No,No,No,2,1
Yes,No,No,No,0,0
Yes,No,No,No,3,0
Yes,No,No,No,3,1
Yes,No,Yes,No,2,0
Yes,No,Yes,No,1,1
Yes,No,No,No,0,0
Yes,No,No,No,0,0
Yes,No,No,No,0,0
Yes,No,No,Yes,1,0
Yes,No,No,No,0,0
Yes,No,No,No,1,1
Yes,No,No,No,1,1
Yes,No,No,No,43,15
Yes,No,No,No,1,0
Yes,No,No,No,0,0
Yes,No,Yes,No,0,0
Yes,No,Yes,No,0,0
Yes,No,Yes,No,0,0
Yes,No,Yes,No,0,0
Yes,No,Yes,No,0,0
Yes,No,Yes,No,0,0
Yes,No,Yes,No,0,0
Yes,No,Yes,Yes,14,0
Yes,No,Yes,No,0,0
Yes,No,No,No,4,0
Yes,No,Yes,No,0,0
Yes,No,No,Yes,5,0
Yes,No,No,Yes,2,1
Yes,No,No,No,2,2
Yes,No,No,No,1,1
Yes,No,No,No,2,2
Yes,No,No,No,3,3
Yes,No,No,No,1,1
Yes,No,No,No,2,1
Yes,No,No,No,6,4
Yes,No,No,No,50,1
Yes,No,No,No,0,1
Yes,Yes,Yes,No,0,0
Yes,Yes,Yes,No,0,0
Yes,No,No,No,0,0
Yes,No,No,No,1,1
Yes,No,No,No,1,0
Yes,No,No,No,5,1
Yes,No,Yes,No,14,0
Yes,No,Yes,No,1,3
Yes,No,Yes,No,0,0
Yes,No,Yes,No,0,0
Yes,No,Yes,No,0,2
Yes,No,Yes,No,0,0
Yes,No,Yes,No,0,0
Yes,No,Yes,No,1,1
Yes,No,Yes,No,0,0
Yes,No,Yes,No,0,0
Yes,No,No,No,0,6
Yes,No,No,No,1,1
Yes,Yes,Yes,No,0,0
Yes,No,Yes,No,1,3
Yes,No,No,No,2,0
Yes,Yes,Yes,No,0,0
Yes,Yes,Yes,No,0,0
Yes,Yes,Yes,No,0,0
Yes,No,No,No,1,1
Yes,No,Yes,Yes,8,0
Yes,No,No,No,0,8
Yes,No,No,No,0,8
Yes,No,No,No,1,0
Yes,No,No,No,1,0
Yes,No,No,No,1,0
Yes,No,No,No,1,0
Yes,No,No,No,2,1
Yes,No,No,No,0,0
Yes,No,No,No,1,10
Yes,No,No,No,0,0
Yes,No,Yes,No,0,0
Yes,No,No,No,4,0
Yes,No,No,No,4,0
Yes,Yes,Yes,No,0,4
Yes,No,No,No,4,0
Yes,No,No,No,3,0
Yes,No,No,No,9,0
Yes,No,No,Yes,1,0
Yes,Yes,Yes,No,0,0
Yes,No,No,No,0,0
Yes,No,No,No,0,0
Yes,Yes,Yes,No,0,0
Yes,No,Yes,No,0,0
Yes,No,No,No,0,0
Yes,No,No,No,1,0
Yes,No,No,No,4,0
Yes,No,No,No,1,0
Yes,No,Yes,No,3,0
Yes,No,Yes,No,0,0
Yes,No,No,No,2,0
Yes,No,No,No,1,0
Yes,No,No,No,3,0
Yes,No,No,No,2,0
Yes,Yes,Yes,Yes,5,0
Yes,No,No,No,3,0
Yes,No,No,Yes,1,0
Yes,No,Yes,No,0,0
Yes,No,No,No,2,0
Yes,No,No,No,1,1
Yes,No,No,No,9,0
Yes,No,No,No,1,0
Yes,No,No,No,5,17
Yes,Yes,Yes,No,0,0
Yes,No,No,No,0,0
Yes,No,No,No,0,0
Yes,No,No,No,2,0
Yes,No,No,No,0,0
Yes,No,Yes,No,0,0
Yes,Yes,Yes,No,0,0
Yes,No,No,No,9,1
Yes,Yes,Yes,No,0,0
Yes,No,No,No,1,4
Yes,No,No,No,1,0
Yes,No,No,No,1,0
Yes,No,No,No,1,1
Yes,No,No,No,3,0
Yes,No,No,No,0,14
Yes,No,No,No,1,0
Yes,No,No,No,1,0
Yes,No,No,No,1,0
Yes,No,No,No,1,1
Yes,No,No,No,1,1
Yes,No,No,No,1,0
Yes,No,No,No,1,1
Yes,No,Yes,No,1,0
Yes,No,No,No,0,0
Yes,No,No,No,3,1
Yes,Yes,Yes,No,1,3
Yes,No,No,No,3,1
Yes,No,Yes,No,3,0
Yes,No,No,No,1,0
Yes,No,No,No,2,0
Yes,No,No,No,1,0
Yes,No,No,No,0,0
Yes,No,Yes,No,0,1
Yes,No,No,No,0,0
Yes,No,No,No,2,1
Yes,No,No,No,1,0
Yes,No,No,No,2,1
Yes,No,No,No,1,0
Yes,No,Yes,No,1,2
Yes,No,Yes,No,2,1
Yes,No,Yes,No,5,3
Yes,No,Yes,No,5,0
Yes,No,No,No,3,0
Yes,No,No,No,0,0
Yes,No,No,No,3,0
Yes,No,No,No,2,1
Yes,No,No,No,3,1
Yes,No,No,No,0,0
Yes,No,No,No,0,0
Yes,No,No,No,0,0
Yes,No,No,No,1,0
Yes,No,No,No,1,0
Yes,No,No,No,0,0
Yes,No,Yes,No,3,0
Yes,No,No,No,0,0
Yes,No,Yes,No,0,0
Yes,No,No,No,0,0
Yes,No,No,No,8,0
Yes,No,Yes,Yes,2,0
Yes,No,No,No,0,0
Yes,No,Yes,No,0,0
Yes,No,Yes,No,0,0
Yes,No,Yes,No,0,0
Yes,No,No,No,4,0
Yes,No,No,No,0,1
